[{"model": "contenttypes.contenttype", "fields": {"app_label": "admin", "model": "logentry"}}, {"model": "contenttypes.contenttype", "fields": {"app_label": "auth", "model": "permission"}}, {"model": "contenttypes.contenttype", "fields": {"app_label": "auth", "model": "group"}}, {"model": "contenttypes.contenttype", "fields": {"app_label": "contenttypes", "model": "contenttype"}}, {"model": "contenttypes.contenttype", "fields": {"app_label": "sessions", "model": "session"}}, {"model": "contenttypes.contenttype", "fields": {"app_label": "camping", "model": "actividad"}}, {"model": "contenttypes.contenttype", "fields": {"app_label": "camping", "model": "camping"}}, {"model": "contenttypes.contenttype", "fields": {"app_label": "camping", "model": "persona"}}, {"model": "contenttypes.contenttype", "fields": {"app_label": "camping", "model": "serviciosextra"}}, {"model": "contenttypes.contenttype", "fields": {"app_label": "camping", "model": "usuario"}}, {"model": "contenttypes.contenttype", "fields": {"app_label": "camping", "model": "parcela"}}, {"model": "contenttypes.contenttype", "fields": {"app_label": "camping", "model": "cuidador"}}, {"model": "contenttypes.contenttype", "fields": {"app_label": "camping", "model": "cliente"}}, {"model": "contenttypes.contenttype", "fields": {"app_label": "camping", "model": "recepcionista"}}, {"model": "contenttypes.contenttype", "fields": {"app_label": "camping", "model": "reserva"}}, {"model": "contenttypes.contenttype", "fields": {"app_label": "camping", "model": "reservaextras"}}, {"model": "contenttypes.contenttype", "fields": {"app_label": "camping", "model": "factura"}}, {"model": "contenttypes.contenttype", "fields": {"app_label": "camping", "model": "vehiculo"}}, {"model": "sessions.session", "pk": "u0mhfjle6hrfs6i9xqnvuq26ctpny454", "fields": {"session_data": ".eJxVkMFOhTAQRX_FdG1404EKZWXc-w1k2hmgCm3Swsr47xbzjLqce-aeZOZDTXQe63QWyVNgNSpUj38zR_5d4gX4jeKSGp_ikYNrrpXmTkvzmli2l_vuP8FKZa1tLy09EcxstLcoZjDeD9gyIVrxMzHYjnsniCDCVgN0YGawenDU92ir9FuX0yZVR7yHGMqRiVOubEtLiNMR9gvq7qbxhoDmAfTYwvhbl53C9tN_Xq6pXrRXXKSUkGJ9wuTPctRsVOA7cMhOfX4BR_9gWQ:1vUa0L:3iTnUbMH9xr77hHCEq_JfFAJbwoq9sY4XPezlA-M9TM", "expire_date": "2025-12-28T00:30:29.624Z"}}, {"model": "camping.persona", "pk": 1, "fields": {"nombre": "Graciela", "apellido": "Barriga", "dni": "86374986G", "fecha_nacimiento": "1969-11-06", "telefono": "+34985 649 572", "fecha_registro": "2025-12-14T00:38:15.267Z"}}, {"model": "camping.persona", "pk": 2, "fields": {"nombre": "Valeria", "apellido": "Portillo", "dni": "67864230Q", "fecha_nacimiento": "1962-09-30", "telefono": "+34 948 851 974", "fecha_registro": "2025-12-14T00:38:15.579Z"}}, {"model": "camping.persona", "pk": 3, "fields": {"nombre": "Felisa", "apellido": "Jove", "dni": "57450665T", "fecha_nacimiento": "1959-02-22", "telefono": "+34 981 867 538", "fecha_registro": "2025-12-14T00:38:15.883Z"}}, {"model": "camping.persona", "pk": 4, "fields": {"nombre": "Prudencio", "apellido": "Tudela", "dni": "02281125P", "fecha_nacimiento": "1963-12-01", "telefono": "+34 857 86 31 94", "fecha_registro": "2025-12-14T00:38:16.187Z"}}, {"model": "camping.persona", "pk": 5, "fields": {"nombre": "Agustina", "apellido": "Mesa", "dni": "24112114H", "fecha_nacimiento": "1976-01-03", "telefono": "+34826104910", "fecha_registro": "2025-12-14T00:38:16.491Z"}}, {"model": "camping.persona", "pk": 6, "fields": {"nombre": "Gala", "apellido": "Portero", "dni": "23839912K", "fecha_nacimiento": "1945-05-04", "telefono": "+34716 99 83 82", "fecha_registro": "2025-12-14T00:38:16.795Z"}}, {"model": "camping.persona", "pk": 7, "fields": {"nombre": "Martirio", "apellido": "Lillo", "dni": "10509744D", "fecha_nacimiento": "2003-09-19", "telefono": "+34 800 76 21 09", "fecha_registro": "2025-12-14T00:38:17.114Z"}}, {"model": "camping.persona", "pk": 8, "fields": {"nombre": "Esperanza", "apellido": "Serrano", "dni": "21851283H", "fecha_nacimiento": "1952-04-16", "telefono": "+34887 60 45 05", "fecha_registro": "2025-12-14T00:38:17.419Z"}}, {"model": "camping.persona", "pk": 9, "fields": {"nombre": "Nilda", "apellido": "Carbonell", "dni": "16411306R", "fecha_nacimiento": "1947-06-17", "telefono": "+34879 989 834", "fecha_registro": "2025-12-14T00:38:17.723Z"}}, {"model": "camping.persona", "pk": 10, "fields": {"nombre": "Rosalina", "apellido": "Benitez", "dni": "13362628L", "fecha_nacimiento": "1945-06-30", "telefono": "+34 949114513", "fecha_registro": "2025-12-14T00:38:18.043Z"}}, {"model": "camping.persona", "pk": 11, "fields": {"nombre": "Jafet", "apellido": "Nevado", "dni": "95445780N", "fecha_nacimiento": "1989-10-09", "telefono": "+34810 422 917", "fecha_registro": "2025-12-14T00:38:18.347Z"}}, {"model": "camping.persona", "pk": 12, "fields": {"nombre": "Victor Manuel", "apellido": "Alem├ín", "dni": "50089744E", "fecha_nacimiento": "1978-04-20", "telefono": "+34926 25 92 38", "fecha_registro": "2025-12-14T00:38:18.651Z"}}, {"model": "camping.persona", "pk": 13, "fields": {"nombre": "Felicia", "apellido": "Madrid", "dni": "80937170D", "fecha_nacimiento": "1941-02-04", "telefono": "+34984 498 393", "fecha_registro": "2025-12-14T00:38:18.955Z"}}, {"model": "camping.persona", "pk": 14, "fields": {"nombre": "Reyna", "apellido": "Franco", "dni": "16560934Z", "fecha_nacimiento": "1995-10-26", "telefono": "+34 955 400 913", "fecha_registro": "2025-12-14T00:38:19.275Z"}}, {"model": "camping.persona", "pk": 15, "fields": {"nombre": "Rosal├¡a", "apellido": "Carranza", "dni": "86759043F", "fecha_nacimiento": "2000-04-19", "telefono": "+34925005714", "fecha_registro": "2025-12-14T00:38:19.579Z"}}, {"model": "camping.persona", "pk": 16, "fields": {"nombre": "Martirio", "apellido": "Marco", "dni": "69966319C", "fecha_nacimiento": "1977-10-15", "telefono": "+34 918 733 074", "fecha_registro": "2025-12-14T00:38:33.273Z"}}, {"model": "camping.persona", "pk": 17, "fields": {"nombre": "Leonardo", "apellido": "Plana", "dni": "49080334J", "fecha_nacimiento": "2005-04-14", "telefono": "+34871 88 38 56", "fecha_registro": "2025-12-14T00:38:33.627Z"}}, {"model": "camping.persona", "pk": 18, "fields": {"nombre": "Domitila", "apellido": "Barber├í", "dni": "86199461S", "fecha_nacimiento": "1964-09-25", "telefono": "+34 979 932 405", "fecha_registro": "2025-12-14T00:38:33.931Z"}}, {"model": "camping.persona", "pk": 19, "fields": {"nombre": "Ariel", "apellido": "Villanueva", "dni": "67479950C", "fecha_nacimiento": "1989-05-04", "telefono": "+34826 53 58 35", "fecha_registro": "2025-12-14T00:38:34.251Z"}}, {"model": "camping.persona", "pk": 20, "fields": {"nombre": "C├índida", "apellido": "Guardiola", "dni": "37039432W", "fecha_nacimiento": "1935-01-05", "telefono": "+34 845173857", "fecha_registro": "2025-12-14T00:38:34.554Z"}}, {"model": "camping.persona", "pk": 21, "fields": {"nombre": "Che", "apellido": "Almansa", "dni": "77887706T", "fecha_nacimiento": "1975-05-15", "telefono": "+34879 153 318", "fecha_registro": "2025-12-14T00:38:34.858Z"}}, {"model": "camping.persona", "pk": 22, "fields": {"nombre": "Florina", "apellido": "Llanos", "dni": "72021047C", "fecha_nacimiento": "1956-11-13", "telefono": "+34902277534", "fecha_registro": "2025-12-14T00:38:35.162Z"}}, {"model": "camping.persona", "pk": 23, "fields": {"nombre": "Cl├¡maco", "apellido": "Acedo", "dni": "02689117A", "fecha_nacimiento": "1982-05-04", "telefono": "+34988 88 15 08", "fecha_registro": "2025-12-14T00:38:35.466Z"}}, {"model": "camping.persona", "pk": 24, "fields": {"nombre": "Crescencia", "apellido": "Bl├ízquez", "dni": "90258999F", "fecha_nacimiento": "1964-11-05", "telefono": "+34885 78 53 73", "fecha_registro": "2025-12-14T00:38:35.786Z"}}, {"model": "camping.persona", "pk": 25, "fields": {"nombre": "Perla", "apellido": "Franco", "dni": "14400631D", "fecha_nacimiento": "1946-03-15", "telefono": "+34882849622", "fecha_registro": "2025-12-14T00:38:36.090Z"}}, {"model": "camping.persona", "pk": 26, "fields": {"nombre": "Cipriano", "apellido": "Ferrando", "dni": "96393293V", "fecha_nacimiento": "1982-10-21", "telefono": "+34 842 04 51 69", "fecha_registro": "2025-12-14T00:38:36.395Z"}}, {"model": "camping.persona", "pk": 27, "fields": {"nombre": "Maxi", "apellido": "Sanmiguel", "dni": "20970266Q", "fecha_nacimiento": "1961-04-13", "telefono": "+34 887847124", "fecha_registro": "2025-12-14T00:38:36.698Z"}}, {"model": "camping.persona", "pk": 28, "fields": {"nombre": "Nico", "apellido": "Arrieta", "dni": "12356581S", "fecha_nacimiento": "1955-07-15", "telefono": "+34848798369", "fecha_registro": "2025-12-14T00:38:37.019Z"}}, {"model": "camping.persona", "pk": 29, "fields": {"nombre": "Lara", "apellido": "Bastida", "dni": "48984051P", "fecha_nacimiento": "1966-09-04", "telefono": "+34827566974", "fecha_registro": "2025-12-14T00:38:37.338Z"}}, {"model": "camping.persona", "pk": 30, "fields": {"nombre": "Iris", "apellido": "Barroso", "dni": "67346241X", "fecha_nacimiento": "1942-10-04", "telefono": "+34 977 075 070", "fecha_registro": "2025-12-14T00:38:37.659Z"}}, {"model": "camping.camping", "pk": 1, "fields": {"nombre": "Miner├¡a Ib├®ricos S.A.", "ubicacion": "Calle Wilfredo Salv├á 2 Apt. 53 \nValladolid, 16976", "estrellas": 5, "sitio_web": "http://narvaez.org/"}}, {"model": "camping.camping", "pk": 2, "fields": {"nombre": "Ar├ínzazu Corral Rebollo S.L.N.E", "ubicacion": "Callej├│n Ariel Cabeza 540 Apt. 57 \nCastell├│n, 39243", "estrellas": 5, "sitio_web": "https://renato.es/"}}, {"model": "camping.camping", "pk": 3, "fields": {"nombre": "Sosa y Bravo S.A.", "ubicacion": "Vial Heraclio Miranda 72 Puerta 7 \nTeruel, 20468", "estrellas": 3, "sitio_web": "http://grupo.org/"}}, {"model": "camping.camping", "pk": 4, "fields": {"nombre": "Farmace├║tica Inteligentes S.L.N.E", "ubicacion": "Acceso Cayetana Sobrino 56 Piso 5 \nLleida, 48181", "estrellas": 1, "sitio_web": "http://banco.es/"}}, {"model": "camping.camping", "pk": 5, "fields": {"nombre": "Restauraci├│n OK S.L.", "ubicacion": "Paseo de Primitiva Moles 514 Apt. 86 \nSanta Cruz de Tenerife, 02903", "estrellas": 4, "sitio_web": "https://osvaldo.org/"}}, {"model": "camping.camping", "pk": 6, "fields": {"nombre": "Jimena Bosch Pe├▒alver S.A.", "ubicacion": "Ronda de Cristina Molins 32 Piso 6 \nCantabria, 13323", "estrellas": 3, "sitio_web": "https://www.moran.es/"}}, {"model": "camping.camping", "pk": 7, "fields": {"nombre": "Log├¡stica Uriarte S.Com.", "ubicacion": "Via de Guadalupe Pascual 43 Piso 0 \nBurgos, 50842", "estrellas": 5, "sitio_web": "http://hotel.com/"}}, {"model": "camping.camping", "pk": 8, "fields": {"nombre": "Distribuciones DMRM S.A.T.", "ubicacion": "Via de Germ├ín Pelayo 6 Piso 2 \nPalencia, 15125", "estrellas": 2, "sitio_web": "https://despacho.org/"}}, {"model": "camping.camping", "pk": 9, "fields": {"nombre": "Hnos Rubio S.Coop.", "ubicacion": "Via Abraham Pozuelo 996 Piso 7 \nPontevedra, 41885", "estrellas": 1, "sitio_web": "http://manufacturas.org/"}}, {"model": "camping.camping", "pk": 10, "fields": {"nombre": "Hermanos Font S.L.", "ubicacion": "Pasaje de Carmen Macias 634 Piso 8 \nAlicante, 09199", "estrellas": 2, "sitio_web": "https://www.montalban.org/"}}, {"model": "camping.parcela", "pk": 1, "fields": {"camping": 1, "numero": 21, "capacidad": 3, "tiene_sombra": false}}, {"model": "camping.parcela", "pk": 2, "fields": {"camping": 1, "numero": 92, "capacidad": 2, "tiene_sombra": false}}, {"model": "camping.parcela", "pk": 3, "fields": {"camping": 1, "numero": 52, "capacidad": 3, "tiene_sombra": true}}, {"model": "camping.parcela", "pk": 4, "fields": {"camping": 1, "numero": 57, "capacidad": 4, "tiene_sombra": true}}, {"model": "camping.parcela", "pk": 5, "fields": {"camping": 1, "numero": 95, "capacidad": 7, "tiene_sombra": false}}, {"model": "camping.parcela", "pk": 6, "fields": {"camping": 1, "numero": 26, "capacidad": 3, "tiene_sombra": true}}, {"model": "camping.parcela", "pk": 7, "fields": {"camping": 1, "numero": 50, "capacidad": 3, "tiene_sombra": false}}, {"model": "camping.parcela", "pk": 8, "fields": {"camping": 1, "numero": 94, "capacidad": 6, "tiene_sombra": false}}, {"model": "camping.parcela", "pk": 9, "fields": {"camping": 1, "numero": 42, "capacidad": 6, "tiene_sombra": false}}, {"model": "camping.parcela", "pk": 10, "fields": {"camping": 1, "numero": 77, "capacidad": 7, "tiene_sombra": false}}, {"model": "camping.parcela", "pk": 11, "fields": {"camping": 2, "numero": 92, "capacidad": 7, "tiene_sombra": false}}, {"model": "camping.parcela", "pk": 12, "fields": {"camping": 2, "numero": 85, "capacidad": 3, "tiene_sombra": false}}, {"model": "camping.parcela", "pk": 13, "fields": {"camping": 2, "numero": 19, "capacidad": 8, "tiene_sombra": false}}, {"model": "camping.parcela", "pk": 14, "fields": {"camping": 2, "numero": 61, "capacidad": 4, "tiene_sombra": true}}, {"model": "camping.parcela", "pk": 15, "fields": {"camping": 2, "numero": 77, "capacidad": 3, "tiene_sombra": false}}, {"model": "camping.parcela", "pk": 16, "fields": {"camping": 2, "numero": 5, "capacidad": 2, "tiene_sombra": true}}, {"model": "camping.parcela", "pk": 17, "fields": {"camping": 2, "numero": 56, "capacidad": 2, "tiene_sombra": true}}, {"model": "camping.parcela", "pk": 18, "fields": {"camping": 2, "numero": 82, "capacidad": 5, "tiene_sombra": false}}, {"model": "camping.parcela", "pk": 19, "fields": {"camping": 2, "numero": 53, "capacidad": 4, "tiene_sombra": false}}, {"model": "camping.parcela", "pk": 20, "fields": {"camping": 2, "numero": 1, "capacidad": 7, "tiene_sombra": true}}, {"model": "camping.parcela", "pk": 21, "fields": {"camping": 3, "numero": 50, "capacidad": 7, "tiene_sombra": false}}, {"model": "camping.parcela", "pk": 22, "fields": {"camping": 3, "numero": 40, "capacidad": 7, "tiene_sombra": false}}, {"model": "camping.parcela", "pk": 23, "fields": {"camping": 3, "numero": 78, "capacidad": 6, "tiene_sombra": true}}, {"model": "camping.parcela", "pk": 24, "fields": {"camping": 3, "numero": 41, "capacidad": 3, "tiene_sombra": true}}, {"model": "camping.parcela", "pk": 25, "fields": {"camping": 3, "numero": 35, "capacidad": 8, "tiene_sombra": false}}, {"model": "camping.parcela", "pk": 26, "fields": {"camping": 3, "numero": 91, "capacidad": 6, "tiene_sombra": false}}, {"model": "camping.parcela", "pk": 27, "fields": {"camping": 3, "numero": 54, "capacidad": 6, "tiene_sombra": true}}, {"model": "camping.parcela", "pk": 28, "fields": {"camping": 3, "numero": 43, "capacidad": 5, "tiene_sombra": true}}, {"model": "camping.parcela", "pk": 29, "fields": {"camping": 3, "numero": 32, "capacidad": 4, "tiene_sombra": true}}, {"model": "camping.parcela", "pk": 30, "fields": {"camping": 3, "numero": 83, "capacidad": 5, "tiene_sombra": false}}, {"model": "camping.parcela", "pk": 31, "fields": {"camping": 4, "numero": 21, "capacidad": 7, "tiene_sombra": true}}, {"model": "camping.parcela", "pk": 32, "fields": {"camping": 4, "numero": 100, "capacidad": 8, "tiene_sombra": true}}, {"model": "camping.parcela", "pk": 33, "fields": {"camping": 4, "numero": 20, "capacidad": 7, "tiene_sombra": false}}, {"model": "camping.parcela", "pk": 34, "fields": {"camping": 4, "numero": 88, "capacidad": 4, "tiene_sombra": false}}, {"model": "camping.parcela", "pk": 35, "fields": {"camping": 4, "numero": 79, "capacidad": 3, "tiene_sombra": true}}, {"model": "camping.parcela", "pk": 36, "fields": {"camping": 4, "numero": 67, "capacidad": 6, "tiene_sombra": false}}, {"model": "camping.parcela", "pk": 37, "fields": {"camping": 4, "numero": 90, "capacidad": 4, "tiene_sombra": true}}, {"model": "camping.parcela", "pk": 38, "fields": {"camping": 4, "numero": 65, "capacidad": 8, "tiene_sombra": false}}, {"model": "camping.parcela", "pk": 39, "fields": {"camping": 4, "numero": 1, "capacidad": 3, "tiene_sombra": true}}, {"model": "camping.parcela", "pk": 40, "fields": {"camping": 4, "numero": 89, "capacidad": 8, "tiene_sombra": false}}, {"model": "camping.parcela", "pk": 41, "fields": {"camping": 5, "numero": 75, "capacidad": 5, "tiene_sombra": true}}, {"model": "camping.parcela", "pk": 42, "fields": {"camping": 5, "numero": 23, "capacidad": 4, "tiene_sombra": true}}, {"model": "camping.parcela", "pk": 43, "fields": {"camping": 5, "numero": 96, "capacidad": 7, "tiene_sombra": false}}, {"model": "camping.parcela", "pk": 44, "fields": {"camping": 5, "numero": 72, "capacidad": 3, "tiene_sombra": true}}, {"model": "camping.parcela", "pk": 45, "fields": {"camping": 5, "numero": 87, "capacidad": 4, "tiene_sombra": true}}, {"model": "camping.parcela", "pk": 46, "fields": {"camping": 5, "numero": 50, "capacidad": 8, "tiene_sombra": false}}, {"model": "camping.parcela", "pk": 47, "fields": {"camping": 5, "numero": 37, "capacidad": 8, "tiene_sombra": true}}, {"model": "camping.parcela", "pk": 48, "fields": {"camping": 5, "numero": 54, "capacidad": 2, "tiene_sombra": false}}, {"model": "camping.parcela", "pk": 49, "fields": {"camping": 5, "numero": 1, "capacidad": 7, "tiene_sombra": true}}, {"model": "camping.parcela", "pk": 50, "fields": {"camping": 5, "numero": 14, "capacidad": 3, "tiene_sombra": true}}, {"model": "camping.parcela", "pk": 51, "fields": {"camping": 6, "numero": 46, "capacidad": 6, "tiene_sombra": false}}, {"model": "camping.parcela", "pk": 52, "fields": {"camping": 6, "numero": 42, "capacidad": 3, "tiene_sombra": false}}, {"model": "camping.parcela", "pk": 53, "fields": {"camping": 6, "numero": 54, "capacidad": 6, "tiene_sombra": true}}, {"model": "camping.parcela", "pk": 54, "fields": {"camping": 6, "numero": 53, "capacidad": 5, "tiene_sombra": true}}, {"model": "camping.parcela", "pk": 55, "fields": {"camping": 6, "numero": 37, "capacidad": 8, "tiene_sombra": false}}, {"model": "camping.parcela", "pk": 56, "fields": {"camping": 6, "numero": 38, "capacidad": 2, "tiene_sombra": false}}, {"model": "camping.parcela", "pk": 57, "fields": {"camping": 6, "numero": 31, "capacidad": 2, "tiene_sombra": true}}, {"model": "camping.parcela", "pk": 58, "fields": {"camping": 6, "numero": 5, "capacidad": 7, "tiene_sombra": true}}, {"model": "camping.parcela", "pk": 59, "fields": {"camping": 6, "numero": 64, "capacidad": 3, "tiene_sombra": true}}, {"model": "camping.parcela", "pk": 60, "fields": {"camping": 6, "numero": 47, "capacidad": 3, "tiene_sombra": false}}, {"model": "camping.parcela", "pk": 61, "fields": {"camping": 7, "numero": 2, "capacidad": 6, "tiene_sombra": false}}, {"model": "camping.parcela", "pk": 62, "fields": {"camping": 7, "numero": 79, "capacidad": 2, "tiene_sombra": false}}, {"model": "camping.parcela", "pk": 63, "fields": {"camping": 7, "numero": 5, "capacidad": 8, "tiene_sombra": true}}, {"model": "camping.parcela", "pk": 64, "fields": {"camping": 7, "numero": 90, "capacidad": 8, "tiene_sombra": true}}, {"model": "camping.parcela", "pk": 65, "fields": {"camping": 7, "numero": 82, "capacidad": 2, "tiene_sombra": false}}, {"model": "camping.parcela", "pk": 66, "fields": {"camping": 7, "numero": 12, "capacidad": 7, "tiene_sombra": false}}, {"model": "camping.parcela", "pk": 67, "fields": {"camping": 7, "numero": 28, "capacidad": 2, "tiene_sombra": true}}, {"model": "camping.parcela", "pk": 68, "fields": {"camping": 7, "numero": 34, "capacidad": 2, "tiene_sombra": false}}, {"model": "camping.parcela", "pk": 69, "fields": {"camping": 7, "numero": 95, "capacidad": 3, "tiene_sombra": false}}, {"model": "camping.parcela", "pk": 70, "fields": {"camping": 7, "numero": 48, "capacidad": 3, "tiene_sombra": false}}, {"model": "camping.parcela", "pk": 71, "fields": {"camping": 8, "numero": 18, "capacidad": 4, "tiene_sombra": true}}, {"model": "camping.parcela", "pk": 72, "fields": {"camping": 8, "numero": 61, "capacidad": 7, "tiene_sombra": false}}, {"model": "camping.parcela", "pk": 73, "fields": {"camping": 8, "numero": 12, "capacidad": 7, "tiene_sombra": true}}, {"model": "camping.parcela", "pk": 74, "fields": {"camping": 8, "numero": 65, "capacidad": 3, "tiene_sombra": true}}, {"model": "camping.parcela", "pk": 75, "fields": {"camping": 8, "numero": 71, "capacidad": 7, "tiene_sombra": true}}, {"model": "camping.parcela", "pk": 76, "fields": {"camping": 8, "numero": 27, "capacidad": 4, "tiene_sombra": false}}, {"model": "camping.parcela", "pk": 77, "fields": {"camping": 8, "numero": 99, "capacidad": 2, "tiene_sombra": true}}, {"model": "camping.parcela", "pk": 78, "fields": {"camping": 8, "numero": 4, "capacidad": 7, "tiene_sombra": true}}, {"model": "camping.parcela", "pk": 79, "fields": {"camping": 8, "numero": 14, "capacidad": 8, "tiene_sombra": false}}, {"model": "camping.parcela", "pk": 80, "fields": {"camping": 8, "numero": 75, "capacidad": 6, "tiene_sombra": true}}, {"model": "camping.parcela", "pk": 81, "fields": {"camping": 9, "numero": 68, "capacidad": 3, "tiene_sombra": false}}, {"model": "camping.parcela", "pk": 82, "fields": {"camping": 9, "numero": 51, "capacidad": 7, "tiene_sombra": false}}, {"model": "camping.parcela", "pk": 83, "fields": {"camping": 9, "numero": 38, "capacidad": 7, "tiene_sombra": false}}, {"model": "camping.parcela", "pk": 84, "fields": {"camping": 9, "numero": 13, "capacidad": 8, "tiene_sombra": true}}, {"model": "camping.parcela", "pk": 85, "fields": {"camping": 9, "numero": 35, "capacidad": 5, "tiene_sombra": false}}, {"model": "camping.parcela", "pk": 86, "fields": {"camping": 9, "numero": 62, "capacidad": 2, "tiene_sombra": false}}, {"model": "camping.parcela", "pk": 87, "fields": {"camping": 9, "numero": 27, "capacidad": 5, "tiene_sombra": true}}, {"model": "camping.parcela", "pk": 88, "fields": {"camping": 9, "numero": 12, "capacidad": 7, "tiene_sombra": false}}, {"model": "camping.parcela", "pk": 89, "fields": {"camping": 9, "numero": 49, "capacidad": 3, "tiene_sombra": true}}, {"model": "camping.parcela", "pk": 90, "fields": {"camping": 9, "numero": 14, "capacidad": 3, "tiene_sombra": false}}, {"model": "camping.parcela", "pk": 91, "fields": {"camping": 10, "numero": 41, "capacidad": 5, "tiene_sombra": true}}, {"model": "camping.parcela", "pk": 92, "fields": {"camping": 10, "numero": 46, "capacidad": 6, "tiene_sombra": false}}, {"model": "camping.parcela", "pk": 93, "fields": {"camping": 10, "numero": 34, "capacidad": 8, "tiene_sombra": true}}, {"model": "camping.parcela", "pk": 94, "fields": {"camping": 10, "numero": 69, "capacidad": 6, "tiene_sombra": true}}, {"model": "camping.parcela", "pk": 95, "fields": {"camping": 10, "numero": 82, "capacidad": 4, "tiene_sombra": true}}, {"model": "camping.parcela", "pk": 96, "fields": {"camping": 10, "numero": 3, "capacidad": 8, "tiene_sombra": true}}, {"model": "camping.parcela", "pk": 97, "fields": {"camping": 10, "numero": 99, "capacidad": 5, "tiene_sombra": false}}, {"model": "camping.parcela", "pk": 98, "fields": {"camping": 10, "numero": 59, "capacidad": 4, "tiene_sombra": false}}, {"model": "camping.parcela", "pk": 99, "fields": {"camping": 10, "numero": 83, "capacidad": 7, "tiene_sombra": false}}, {"model": "camping.parcela", "pk": 100, "fields": {"camping": 10, "numero": 77, "capacidad": 3, "tiene_sombra": true}}, {"model": "camping.vehiculo", "pk": 1, "fields": {"tipo": "coche", "matricula": "9953 ZLS", "peso": 3058.66, "marca": "Industrias Robledo S.L.", "cliente": [1]}}, {"model": "camping.vehiculo", "pk": 2, "fields": {"tipo": "moto", "matricula": "8768 RSG", "peso": 3165.45, "marca": "Distribuciones Pacheco y asociados S.Coop.", "cliente": [1]}}, {"model": "camping.vehiculo", "pk": 3, "fields": {"tipo": "coche", "matricula": "7641 DYP", "peso": 1109.56, "marca": "Servicios Ib├®ricos S.Com.", "cliente": [2]}}, {"model": "camping.vehiculo", "pk": 4, "fields": {"tipo": "coche", "matricula": "ZA 7235 SW", "peso": 3015.26, "marca": "Alimentaci├│n XSPI S.L.N.E", "cliente": [3]}}, {"model": "camping.vehiculo", "pk": 5, "fields": {"tipo": "coche", "matricula": "CO 4513 EV", "peso": 861.93, "marca": "Eleuterio Zapata Cazorla S.L.U.", "cliente": [3]}}, {"model": "camping.vehiculo", "pk": 6, "fields": {"tipo": "caravana", "matricula": "P 4602 MF", "peso": 1285.68, "marca": "Cornejo & Asociados S.L.U.", "cliente": [4]}}, {"model": "camping.vehiculo", "pk": 7, "fields": {"tipo": "moto", "matricula": "ZA 6162 HJ", "peso": 2433.0, "marca": "Aliaga y Huertas S.Coop.", "cliente": [6]}}, {"model": "camping.vehiculo", "pk": 8, "fields": {"tipo": "moto", "matricula": "OR 6468 AI", "peso": 2489.47, "marca": "Comercializadora Angulo S.L.N.E", "cliente": [6]}}, {"model": "camping.vehiculo", "pk": 9, "fields": {"tipo": "caravana", "matricula": "LE 0821 EV", "peso": 3058.74, "marca": "Alimentaci├│n Morillo S.C.P", "cliente": [6]}}, {"model": "camping.vehiculo", "pk": 10, "fields": {"tipo": "moto", "matricula": "OU 9454 PH", "peso": 1932.47, "marca": "Grupo Haro S.L.U.", "cliente": [7]}}, {"model": "camping.vehiculo", "pk": 11, "fields": {"tipo": "moto", "matricula": "CU 1641 JZ", "peso": 3376.12, "marca": "Comercial EB S.L.N.E", "cliente": [7]}}, {"model": "camping.vehiculo", "pk": 12, "fields": {"tipo": "coche", "matricula": "A 1075 SC", "peso": 2190.22, "marca": "Miner├¡a Camps S.A.", "cliente": [7]}}, {"model": "camping.vehiculo", "pk": 13, "fields": {"tipo": "caravana", "matricula": "B 3284 HJ", "peso": 1768.88, "marca": "Desarrollo Guzman y asociados S.A.", "cliente": [8]}}, {"model": "camping.vehiculo", "pk": 14, "fields": {"tipo": "caravana", "matricula": "0421 VNM", "peso": 1744.49, "marca": "Pedro & Asociados S.Com.", "cliente": [10]}}, {"model": "camping.vehiculo", "pk": 15, "fields": {"tipo": "moto", "matricula": "3255 CFP", "peso": 742.07, "marca": "Montes y Benitez S.A.", "cliente": [10]}}, {"model": "camping.vehiculo", "pk": 16, "fields": {"tipo": "coche", "matricula": "3256 KHW", "peso": 712.68, "marca": "D├¡ez y Ju├írez S.A.", "cliente": [10]}}, {"model": "camping.vehiculo", "pk": 17, "fields": {"tipo": "caravana", "matricula": "5994 HWG", "peso": 981.57, "marca": "Hermanos Oliv├® S.L.", "cliente": [12]}}, {"model": "camping.vehiculo", "pk": 18, "fields": {"tipo": "coche", "matricula": "2972 XCT", "peso": 1406.04, "marca": "Familia Segura S.L.", "cliente": [14]}}, {"model": "camping.vehiculo", "pk": 19, "fields": {"tipo": "coche", "matricula": "2419 RYD", "peso": 1002.73, "marca": "Comercializadora Iberia S.A.", "cliente": [14]}}, {"model": "camping.vehiculo", "pk": 20, "fields": {"tipo": "caravana", "matricula": "SO 1576 AL", "peso": 2849.15, "marca": "Hnos Corominas S.Coop.", "cliente": [15]}}, {"model": "camping.vehiculo", "pk": 21, "fields": {"tipo": "caravana", "matricula": "VA 9699 HA", "peso": 1326.41, "marca": "Farmace├║tica Integrales S.Com.", "cliente": [15]}}, {"model": "camping.vehiculo", "pk": 22, "fields": {"tipo": "coche", "matricula": "6302 FCP", "peso": 3316.29, "marca": "Desarrollo Vigil y asociados S.A.", "cliente": [15]}}, {"model": "camping.actividad", "pk": 1, "fields": {"nombre": "fuego", "descripcion": "Esta explic├│ unos nuevo. Luz fiscal universidad importancia. Septiembre haciendo grande.", "cupo": 20, "precio": 24.123839155664694, "requiere_material": true}}, {"model": "camping.actividad", "pk": 2, "fields": {"nombre": "sistemas", "descripcion": "P├║blica aquellas hijo larga. Alg├║n tras plan peque├▒o tuvo contrario efectos. Organizaci├│n pr├│ximo rep├║blica posici├│n.\nCosa cuyo esto ayer.\nReuni├│n sabe tiene voz temas negro algo. Compa├▒├¡a mi cuerpo.", "cupo": 12, "precio": 33.07058611830807, "requiere_material": false}}, {"model": "camping.actividad", "pk": 3, "fields": {"nombre": "del", "descripcion": "All├í norte deseo orden precisamente ambiente. Voz ├®l diferentes esta.\nEntrada memoria ocho jefe ser├ín principales norte. Pr├íctica somos estados ej├®rcito programa. Central mundial menor tres.", "cupo": 1, "precio": 5.867374795396473, "requiere_material": false}}, {"model": "camping.actividad", "pk": 4, "fields": {"nombre": "acuerdo", "descripcion": "Campa├▒a puede dos ser├ín varias. Posibilidad r├¡o se├▒al├│ si lado juicio.\nRiesgo r├®gimen cuyo cada mucho principio viejo buena.\nAhora luego mar├¡a sistemas.", "cupo": 2, "precio": 35.48379956095544, "requiere_material": false}}, {"model": "camping.actividad", "pk": 5, "fields": {"nombre": "haciendo", "descripcion": "Mediante tipos cuenta espa├▒ol sean. Hecho espa├▒a carta unos zona octubre.\nSentido pol├¡ticos n humano ├║ltima. Especialmente nuevos fueron f├║tbol siendo mediante.", "cupo": 21, "precio": 28.057841080906968, "requiere_material": false}}, {"model": "camping.actividad", "pk": 6, "fields": {"nombre": "seguridad", "descripcion": "Garc├¡a santa cama.\nInter├®s mitad a├▒o poblaci├│n. Partes pesetas libros encuentran grupo movimiento guerra primera.", "cupo": 26, "precio": 6.201564600367563, "requiere_material": false}}, {"model": "camping.actividad", "pk": 7, "fields": {"nombre": "ah├¡", "descripcion": "La junio cuerpo saber segunda familia buenos coraz├│n. Conciencia m├íximo norte rep├║blica nada fecha para hombres. Clase ve ni├▒o ma├▒ana. Pedro deseo rodr├¡guez.", "cupo": 15, "precio": 20.2981526307599, "requiere_material": false}}, {"model": "camping.actividad", "pk": 8, "fields": {"nombre": "ah├¡", "descripcion": "Ello francia construcci├│n era necesidad yo rosa. Hay necesario dinero t├®rminos.", "cupo": 17, "precio": 26.326378223590655, "requiere_material": false}}, {"model": "camping.actividad", "pk": 9, "fields": {"nombre": "agua", "descripcion": "Diciembre n posici├│n nuevas iglesia alguna. Estaban valores espera propios.\nQuiere juicio consejo mar├¡a esta. Esos perdido e educaci├│n lleg├│ varios. Viaje antonio hubiera juego diversas ├®l.", "cupo": 4, "precio": 11.061525795142074, "requiere_material": false}}, {"model": "camping.actividad", "pk": 10, "fields": {"nombre": "durante", "descripcion": "Sean actitud mucho puede donde. Importante haya vuelta programa ante figura se.\nForma sab├¡a gonz├ílez. He sector central buena personal vino grandes.", "cupo": 30, "precio": 19.318928036973702, "requiere_material": false}}, {"model": "camping.actividad", "pk": 11, "fields": {"nombre": "norte", "descripcion": "Gente contra podemos social demasiado pablo particular. Casa nuestra j aumento su.\nRespecto trabajar han cuesti├│n. Funci├│n posible derecha rep├║blica sab├¡a comenz├│.", "cupo": 6, "precio": 7.77718524667115, "requiere_material": true}}, {"model": "camping.actividad", "pk": 12, "fields": {"nombre": "teatro", "descripcion": "Cualquier diciembre respuesta. Elecciones tampoco visita superior. Haciendo inter├®s est├í armas punto qu├®.\nParec├¡a un tomar director tener suficiente. Suficiente m├║sica fue prueba baja inter├®s.", "cupo": 3, "precio": 44.15555759923459, "requiere_material": false}}, {"model": "camping.actividad", "pk": 13, "fields": {"nombre": "esfuerzo", "descripcion": "Este obras necesidad duda. Tener pol├¡ticos dicen cuadro r.\nCosa muy pel├¡cula regi├│n respuesta cierto. Tiempos cual especialmente instituto acerca. Rosa j aspecto.", "cupo": 9, "precio": 35.06801735930755, "requiere_material": false}}, {"model": "camping.actividad", "pk": 14, "fields": {"nombre": "j", "descripcion": "Ninguna necesario las ej├®rcito local encuentra. Mantener incluso servicios hay. Don encima ser.", "cupo": 9, "precio": 31.86607099436991, "requiere_material": false}}, {"model": "camping.actividad", "pk": 15, "fields": {"nombre": "dar", "descripcion": "Materia pacientes f├ícil. Grande dinero aspecto distintos. Tiene cantidad bueno conjunto ├®sta.\nCon volvi├│ capacidad estas agua electoral. Tales pueda felipe u muchos.", "cupo": 24, "precio": 47.97627531351631, "requiere_material": true}}, {"model": "camping.actividad", "pk": 16, "fields": {"nombre": "barcelona", "descripcion": "Iglesia dio ├║ltimos algo. Car├ícter buen creaci├│n siquiera informe un tendr├í.\nDejar meses creaci├│n volver falta precios nuevos. Los miembros elementos tipos problema sea.", "cupo": 22, "precio": 25.70460908296616, "requiere_material": true}}, {"model": "camping.actividad", "pk": 17, "fields": {"nombre": "construcci├│n", "descripcion": "Ideas derechos sus ├®poca peor boca. Media pedro sectores luis. Sin entrada hac├¡a.\nCuerpo jam├ís ni├▒os. Cama director ser├í barcelona dios. Consumo somos cama falta manera hecho.", "cupo": 12, "precio": 18.305130770651232, "requiere_material": false}}, {"model": "camping.actividad", "pk": 18, "fields": {"nombre": "cualquier", "descripcion": "Material unidad j├│venes. Estructura mar sea cara. Ojos defensa fuerte uni├│n.\nGuerra nueva pel├¡cula va ciencia una. Se gran sabe fuentes coraz├│n ver. Mujer juan f├║tbol ministerio parec├¡a sectores.", "cupo": 5, "precio": 10.930277554054165, "requiere_material": true}}, {"model": "camping.actividad", "pk": 19, "fields": {"nombre": "cual", "descripcion": "Gobierno tiene francisco e voy ante. Dijo regi├│n varios izquierda existe varios.\nTendr├í espa├▒a el explic├│ juicio condiciones. Blanca evitar m├ís millones mirada. U ocasi├│n fuego baja menos.", "cupo": 5, "precio": 16.137157531787558, "requiere_material": false}}, {"model": "camping.actividad", "pk": 20, "fields": {"nombre": "conocimiento", "descripcion": "Ir que s├® social administraci├│n estados. Posible ve propios g vista.", "cupo": 8, "precio": 31.484471346024026, "requiere_material": false}}, {"model": "camping.reserva", "pk": 1, "fields": {"cliente": 1, "parcela": 21, "fecha_inicio": "2025-09-28", "fecha_fin": "2025-10-29", "actividades": [1]}}, {"model": "camping.reserva", "pk": 2, "fields": {"cliente": 1, "parcela": 12, "fecha_inicio": "2025-03-13", "fecha_fin": "2025-11-04", "actividades": [2]}}, {"model": "camping.reserva", "pk": 3, "fields": {"cliente": 1, "parcela": 24, "fecha_inicio": "2025-10-11", "fecha_fin": "2025-10-23", "actividades": [2, 4, 9]}}, {"model": "camping.reserva", "pk": 4, "fields": {"cliente": 2, "parcela": 44, "fecha_inicio": "2025-05-15", "fecha_fin": "2025-07-02", "actividades": [3, 5, 7, 9, 10]}}, {"model": "camping.reserva", "pk": 5, "fields": {"cliente": 2, "parcela": 36, "fecha_inicio": "2025-02-13", "fecha_fin": "2025-07-26", "actividades": []}}, {"model": "camping.reserva", "pk": 6, "fields": {"cliente": 3, "parcela": 22, "fecha_inicio": "2025-10-24", "fecha_fin": "2025-12-12", "actividades": []}}, {"model": "camping.reserva", "pk": 7, "fields": {"cliente": 3, "parcela": 3, "fecha_inicio": "2025-11-07", "fecha_fin": "2025-11-07", "actividades": [2, 3, 8, 9]}}, {"model": "camping.reserva", "pk": 8, "fields": {"cliente": 3, "parcela": 23, "fecha_inicio": "2025-08-10", "fecha_fin": "2025-10-15", "actividades": [2, 3, 4, 6, 10]}}, {"model": "camping.reserva", "pk": 9, "fields": {"cliente": 4, "parcela": 2, "fecha_inicio": "2025-02-24", "fecha_fin": "2025-07-16", "actividades": []}}, {"model": "camping.reserva", "pk": 10, "fields": {"cliente": 5, "parcela": 23, "fecha_inicio": "2025-08-21", "fecha_fin": "2025-09-24", "actividades": [3, 5, 6, 9, 10]}}, {"model": "camping.reserva", "pk": 11, "fields": {"cliente": 6, "parcela": 40, "fecha_inicio": "2025-03-16", "fecha_fin": "2025-10-08", "actividades": []}}, {"model": "camping.reserva", "pk": 12, "fields": {"cliente": 6, "parcela": 38, "fecha_inicio": "2025-01-14", "fecha_fin": "2025-12-10", "actividades": [1]}}, {"model": "camping.reserva", "pk": 13, "fields": {"cliente": 6, "parcela": 50, "fecha_inicio": "2025-04-16", "fecha_fin": "2025-05-05", "actividades": []}}, {"model": "camping.reserva", "pk": 14, "fields": {"cliente": 7, "parcela": 14, "fecha_inicio": "2025-07-31", "fecha_fin": "2025-10-21", "actividades": []}}, {"model": "camping.reserva", "pk": 15, "fields": {"cliente": 7, "parcela": 39, "fecha_inicio": "2025-09-28", "fecha_fin": "2025-10-30", "actividades": [1, 3, 8, 9]}}, {"model": "camping.reserva", "pk": 16, "fields": {"cliente": 7, "parcela": 46, "fecha_inicio": "2025-08-23", "fecha_fin": "2025-09-18", "actividades": [2, 4, 10]}}, {"model": "camping.reserva", "pk": 17, "fields": {"cliente": 8, "parcela": 62, "fecha_inicio": "2025-04-29", "fecha_fin": "2025-07-20", "actividades": []}}, {"model": "camping.reserva", "pk": 18, "fields": {"cliente": 8, "parcela": 89, "fecha_inicio": "2025-06-14", "fecha_fin": "2025-07-07", "actividades": [17, 19]}}, {"model": "camping.reserva", "pk": 19, "fields": {"cliente": 8, "parcela": 79, "fecha_inicio": "2025-04-17", "fecha_fin": "2025-10-22", "actividades": [12, 15, 17, 20]}}, {"model": "camping.reserva", "pk": 20, "fields": {"cliente": 9, "parcela": 84, "fecha_inicio": "2025-06-16", "fecha_fin": "2025-10-06", "actividades": [11, 12, 13, 18, 19]}}, {"model": "camping.reserva", "pk": 21, "fields": {"cliente": 9, "parcela": 66, "fecha_inicio": "2025-08-10", "fecha_fin": "2025-10-19", "actividades": [14, 15]}}, {"model": "camping.reserva", "pk": 22, "fields": {"cliente": 9, "parcela": 93, "fecha_inicio": "2025-07-08", "fecha_fin": "2025-07-15", "actividades": [12, 13, 17]}}, {"model": "camping.reserva", "pk": 23, "fields": {"cliente": 10, "parcela": 81, "fecha_inicio": "2025-11-16", "fecha_fin": "2025-12-12", "actividades": [18]}}, {"model": "camping.reserva", "pk": 24, "fields": {"cliente": 10, "parcela": 87, "fecha_inicio": "2025-06-02", "fecha_fin": "2025-07-09", "actividades": [11, 14, 19]}}, {"model": "camping.reserva", "pk": 25, "fields": {"cliente": 11, "parcela": 68, "fecha_inicio": "2025-12-02", "fecha_fin": "2025-12-06", "actividades": [12]}}, {"model": "camping.reserva", "pk": 26, "fields": {"cliente": 11, "parcela": 59, "fecha_inicio": "2025-03-22", "fecha_fin": "2025-06-29", "actividades": [12, 19]}}, {"model": "camping.reserva", "pk": 27, "fields": {"cliente": 11, "parcela": 62, "fecha_inicio": "2025-08-12", "fecha_fin": "2025-09-01", "actividades": [12]}}, {"model": "camping.reserva", "pk": 28, "fields": {"cliente": 12, "parcela": 51, "fecha_inicio": "2025-07-08", "fecha_fin": "2025-08-26", "actividades": [12, 15, 19]}}, {"model": "camping.reserva", "pk": 29, "fields": {"cliente": 13, "parcela": 71, "fecha_inicio": "2025-09-19", "fecha_fin": "2025-11-18", "actividades": []}}, {"model": "camping.reserva", "pk": 30, "fields": {"cliente": 13, "parcela": 54, "fecha_inicio": "2025-02-10", "fecha_fin": "2025-08-20", "actividades": [12, 14, 17, 18]}}, {"model": "camping.reserva", "pk": 31, "fields": {"cliente": 14, "parcela": 82, "fecha_inicio": "2025-06-25", "fecha_fin": "2025-09-08", "actividades": [11, 15]}}, {"model": "camping.reserva", "pk": 32, "fields": {"cliente": 14, "parcela": 69, "fecha_inicio": "2025-01-27", "fecha_fin": "2025-09-29", "actividades": [18]}}, {"model": "camping.reserva", "pk": 33, "fields": {"cliente": 14, "parcela": 80, "fecha_inicio": "2025-01-18", "fecha_fin": "2025-03-04", "actividades": [12, 15, 16, 19]}}, {"model": "camping.reserva", "pk": 34, "fields": {"cliente": 15, "parcela": 67, "fecha_inicio": "2025-01-23", "fecha_fin": "2025-05-02", "actividades": [12]}}, {"model": "camping.reserva", "pk": 35, "fields": {"cliente": 15, "parcela": 91, "fecha_inicio": "2025-04-23", "fecha_fin": "2025-10-06", "actividades": [11]}}, {"model": "camping.reserva", "pk": 36, "fields": {"cliente": 15, "parcela": 87, "fecha_inicio": "2025-08-24", "fecha_fin": "2025-11-19", "actividades": [16, 17, 20]}}, {"model": "camping.serviciosextra", "pk": 1, "fields": {"nombre": "destino", "precio": "33.35", "descripcion": "Ayer tribunal usted principios cada. Ese dej├│ partir b lleva profesional.\nJuego alg├║n mismos imagen del asociaci├│n su. Tengo gente u sala actividades.", "disponible": false}}, {"model": "camping.serviciosextra", "pk": 2, "fields": {"nombre": "mil", "precio": "43.18", "descripcion": "S gracias consumo generales. Favor cosas campo m├®xico.\nSeptiembre conseguir ella obstante. Poder corte fueron veces enero diversas perdido.", "disponible": false}}, {"model": "camping.serviciosextra", "pk": 3, "fields": {"nombre": "estaban", "precio": "13.60", "descripcion": "Aqu├¡ europea empresa jefe septiembre grado tenido sola. Puedo dos ciento acerca econ├│mica director primeras.", "disponible": true}}, {"model": "camping.serviciosextra", "pk": 4, "fields": {"nombre": "p├║blica", "precio": "6.29", "descripcion": "Palabras acci├│n buen. Tras mantener objetivo dios dicen realizar conocer. Esta fondo ser├¡a distintas jorge desde puedo.\nAtenci├│n porque familia felipe comisi├│n investigaci├│n modo.", "disponible": false}}, {"model": "camping.serviciosextra", "pk": 5, "fields": {"nombre": "teatro", "precio": "49.54", "descripcion": "S├¡ tu media revoluci├│n ocasiones lo. Hab├¡a otro derechos cosas pol├¡ticas curso bien horas.", "disponible": true}}, {"model": "camping.serviciosextra", "pk": 6, "fields": {"nombre": "dinero", "precio": "16.76", "descripcion": "Proyectos frente aquel salir pronto partes alta reuni├│n. Central dijo noche j secretario oro p├║blica cuerpo.", "disponible": false}}, {"model": "camping.serviciosextra", "pk": 7, "fields": {"nombre": "luego", "precio": "44.99", "descripcion": "Siguiente acci├│n actividades tendr├í libros todo. Fuego millones propio tu nuestros instituto. Sol cuenta entre causa.\nMujeres hospital plazo am├®rica quiz├í misma director. Edad ojos ├║nica.", "disponible": true}}, {"model": "camping.serviciosextra", "pk": 8, "fields": {"nombre": "izquierda", "precio": "15.58", "descripcion": "Aumento datos cambio viene media menos. Ir caracter├¡sticas parec├¡a. ├Ünico se├▒ora cabeza mejores jefe qued├│ partido. Precios larga idea ministro mejor visto.", "disponible": true}}, {"model": "camping.serviciosextra", "pk": 9, "fields": {"nombre": "p├║blica", "precio": "7.51", "descripcion": "Diferencia otra el vino cuyo l├¡der. Pueda centro estudios tratamiento nuestros. Muestra sol diferencia.\nResto flores se├▒ora imagen semanas fueron vida informe. Me silencio manos sociedad medidas.", "disponible": false}}, {"model": "camping.serviciosextra", "pk": 10, "fields": {"nombre": "se", "precio": "27.90", "descripcion": "Nunca le hospital haciendo. Qu├® principio familia peque├▒o propio meses. Est├í medida algunos origen hicieron r├¡o.", "disponible": false}}, {"model": "camping.reservaextras", "pk": 1, "fields": {"reserva_asociada": 1, "cantidad_solicitada": 2, "observaciones": "Ese salud dolor sectores.", "servicios_extra": [1, 2, 5]}}, {"model": "camping.reservaextras", "pk": 2, "fields": {"reserva_asociada": 2, "cantidad_solicitada": 5, "observaciones": "Centro materia hacer mundial arte dan.", "servicios_extra": [1, 2, 3, 4, 5]}}, {"model": "camping.reservaextras", "pk": 3, "fields": {"reserva_asociada": 3, "cantidad_solicitada": 1, "observaciones": "Cambios total hecho se.", "servicios_extra": [1, 2, 3, 4]}}, {"model": "camping.reservaextras", "pk": 4, "fields": {"reserva_asociada": 4, "cantidad_solicitada": 5, "observaciones": "Cierta universidad acci├│n actividades cara tampoco.", "servicios_extra": [1, 2, 5]}}, {"model": "camping.reservaextras", "pk": 5, "fields": {"reserva_asociada": 5, "cantidad_solicitada": 4, "observaciones": "Parec├¡a ha sobre dios varios aunque mil estuvo.", "servicios_extra": [1, 3, 4, 5]}}, {"model": "camping.reservaextras", "pk": 6, "fields": {"reserva_asociada": 6, "cantidad_solicitada": 1, "observaciones": "Material marco los elementos.", "servicios_extra": [2]}}, {"model": "camping.reservaextras", "pk": 7, "fields": {"reserva_asociada": 7, "cantidad_solicitada": 4, "observaciones": "Presidente toda teatro van chile.", "servicios_extra": [5]}}, {"model": "camping.reservaextras", "pk": 8, "fields": {"reserva_asociada": 8, "cantidad_solicitada": 4, "observaciones": "Ten├¡an programa ├®l sol proyectos seis padres palabras.", "servicios_extra": [3, 4, 5]}}, {"model": "camping.reservaextras", "pk": 9, "fields": {"reserva_asociada": 9, "cantidad_solicitada": 2, "observaciones": "Sociedad siquiera car├ícter conocer menos.", "servicios_extra": [2, 3, 4, 5]}}, {"model": "camping.reservaextras", "pk": 10, "fields": {"reserva_asociada": 10, "cantidad_solicitada": 1, "observaciones": "L├│pez atenci├│n mujer millones efectos sector miembros material.", "servicios_extra": [1, 3, 5]}}, {"model": "camping.reservaextras", "pk": 11, "fields": {"reserva_asociada": 11, "cantidad_solicitada": 5, "observaciones": "Ser├ín estados mejores estudio industria reuni├│n energ├¡a elementos.", "servicios_extra": [1, 2, 3, 4, 5]}}, {"model": "camping.reservaextras", "pk": 12, "fields": {"reserva_asociada": 12, "cantidad_solicitada": 3, "observaciones": "Siempre p├║blico alto norte.", "servicios_extra": [3]}}, {"model": "camping.reservaextras", "pk": 13, "fields": {"reserva_asociada": 13, "cantidad_solicitada": 4, "observaciones": "Estas c├│mo que im├ígenes tiempo propia familia.", "servicios_extra": [1, 2, 3, 4, 5]}}, {"model": "camping.reservaextras", "pk": 14, "fields": {"reserva_asociada": 14, "cantidad_solicitada": 1, "observaciones": "Cierta unidad nuestra fuentes.", "servicios_extra": [1, 2, 3, 4, 5]}}, {"model": "camping.reservaextras", "pk": 15, "fields": {"reserva_asociada": 15, "cantidad_solicitada": 1, "observaciones": "├Ültimos posibilidad finalmente.", "servicios_extra": [1, 3, 4, 5]}}, {"model": "camping.reservaextras", "pk": 16, "fields": {"reserva_asociada": 16, "cantidad_solicitada": 3, "observaciones": "Exterior real palabra radio generales soluci├│n.", "servicios_extra": [1, 2, 3, 5]}}, {"model": "camping.reservaextras", "pk": 17, "fields": {"reserva_asociada": 17, "cantidad_solicitada": 1, "observaciones": "Pol├¡tico antonio i voz pues.", "servicios_extra": [7, 8, 9, 10]}}, {"model": "camping.reservaextras", "pk": 18, "fields": {"reserva_asociada": 18, "cantidad_solicitada": 2, "observaciones": "Unas dice acto estaban.", "servicios_extra": [6, 7, 8, 9, 10]}}, {"model": "camping.reservaextras", "pk": 19, "fields": {"reserva_asociada": 19, "cantidad_solicitada": 1, "observaciones": "Distintas ve realidad cuerpo ├║nica.", "servicios_extra": [8, 10]}}, {"model": "camping.reservaextras", "pk": 20, "fields": {"reserva_asociada": 20, "cantidad_solicitada": 3, "observaciones": "Nuevas puso espa├▒ol b aun nuevo.", "servicios_extra": [6, 7, 8, 9, 10]}}, {"model": "camping.reservaextras", "pk": 21, "fields": {"reserva_asociada": 21, "cantidad_solicitada": 3, "observaciones": "Espacio ambiente ex s├│lo m├®dico medios.", "servicios_extra": [7, 9, 10]}}, {"model": "camping.reservaextras", "pk": 22, "fields": {"reserva_asociada": 22, "cantidad_solicitada": 5, "observaciones": "Cuadro ├®xito obstante cargo pocos.", "servicios_extra": [6, 7, 9]}}, {"model": "camping.reservaextras", "pk": 23, "fields": {"reserva_asociada": 23, "cantidad_solicitada": 2, "observaciones": "Boca cultura secretario marcha hay sido condiciones.", "servicios_extra": [7, 8, 9]}}, {"model": "camping.reservaextras", "pk": 24, "fields": {"reserva_asociada": 24, "cantidad_solicitada": 5, "observaciones": "Llamado rodr├¡guez puso par├¡s ser├í etapa econ├│mica.", "servicios_extra": [8]}}, {"model": "camping.reservaextras", "pk": 25, "fields": {"reserva_asociada": 25, "cantidad_solicitada": 2, "observaciones": "Llega relaci├│n debe.", "servicios_extra": [6, 8, 9, 10]}}, {"model": "camping.reservaextras", "pk": 26, "fields": {"reserva_asociada": 26, "cantidad_solicitada": 2, "observaciones": "Busca realizar todav├¡a personal sociales fiscal investigaci├│n.", "servicios_extra": [8, 9, 10]}}, {"model": "camping.reservaextras", "pk": 27, "fields": {"reserva_asociada": 27, "cantidad_solicitada": 2, "observaciones": "Santa f├║tbol puesto idea meses posible mira.", "servicios_extra": [10]}}, {"model": "camping.reservaextras", "pk": 28, "fields": {"reserva_asociada": 28, "cantidad_solicitada": 1, "observaciones": "Puso deben poblaci├│n de etapa fuerte all├¡.", "servicios_extra": [6, 7, 8, 9]}}, {"model": "camping.reservaextras", "pk": 29, "fields": {"reserva_asociada": 29, "cantidad_solicitada": 4, "observaciones": "Siempre dem├ís boca puerto momento ├║nica capaz.", "servicios_extra": [8]}}, {"model": "camping.reservaextras", "pk": 30, "fields": {"reserva_asociada": 30, "cantidad_solicitada": 2, "observaciones": "Considera carta peque├▒o mediante hija entonces.", "servicios_extra": [6, 8, 10]}}, {"model": "camping.reservaextras", "pk": 31, "fields": {"reserva_asociada": 31, "cantidad_solicitada": 1, "observaciones": "Entrada f├║tbol trabajadores vez tiene origen.", "servicios_extra": [9, 10]}}, {"model": "camping.reservaextras", "pk": 32, "fields": {"reserva_asociada": 32, "cantidad_solicitada": 3, "observaciones": "Antonio cuanto hablar mundo.", "servicios_extra": [6, 7, 8]}}, {"model": "camping.reservaextras", "pk": 33, "fields": {"reserva_asociada": 33, "cantidad_solicitada": 2, "observaciones": "Y llegar persona.", "servicios_extra": [7, 9, 10]}}, {"model": "camping.reservaextras", "pk": 34, "fields": {"reserva_asociada": 34, "cantidad_solicitada": 4, "observaciones": "Todav├¡a consejo resto tipo.", "servicios_extra": [7, 9, 10]}}, {"model": "camping.reservaextras", "pk": 35, "fields": {"reserva_asociada": 35, "cantidad_solicitada": 2, "observaciones": "Pablo parece u grado m├®xico desde.", "servicios_extra": [9]}}, {"model": "camping.reservaextras", "pk": 36, "fields": {"reserva_asociada": 36, "cantidad_solicitada": 1, "observaciones": "Mis espa├▒ola coraz├│n conocer diciembre teor├¡a.", "servicios_extra": [7]}}, {"model": "camping.factura", "pk": 1, "fields": {"reserva_extra": 1, "total": "235.59", "emitida_en": "2025-12-14T00:38:26.603Z", "pagado": false}}, {"model": "camping.factura", "pk": 2, "fields": {"reserva_extra": 2, "total": "1923.61", "emitida_en": "2025-12-14T00:38:26.746Z", "pagado": false}}, {"model": "camping.factura", "pk": 3, "fields": {"reserva_extra": 3, "total": "1192.56", "emitida_en": "2025-12-14T00:38:26.890Z", "pagado": false}}, {"model": "camping.factura", "pk": 4, "fields": {"reserva_extra": 4, "total": "1595.41", "emitida_en": "2025-12-14T00:38:27.034Z", "pagado": false}}, {"model": "camping.factura", "pk": 5, "fields": {"reserva_extra": 5, "total": "379.66", "emitida_en": "2025-12-14T00:38:27.178Z", "pagado": false}}, {"model": "camping.factura", "pk": 6, "fields": {"reserva_extra": 6, "total": "1209.61", "emitida_en": "2025-12-14T00:38:27.322Z", "pagado": true}}, {"model": "camping.factura", "pk": 7, "fields": {"reserva_extra": 7, "total": "1655.70", "emitida_en": "2025-12-14T00:38:27.467Z", "pagado": false}}, {"model": "camping.factura", "pk": 8, "fields": {"reserva_extra": 8, "total": "1412.49", "emitida_en": "2025-12-14T00:38:27.611Z", "pagado": false}}, {"model": "camping.factura", "pk": 9, "fields": {"reserva_extra": 9, "total": "825.25", "emitida_en": "2025-12-14T00:38:27.803Z", "pagado": true}}, {"model": "camping.factura", "pk": 10, "fields": {"reserva_extra": 10, "total": "1068.81", "emitida_en": "2025-12-14T00:38:27.962Z", "pagado": false}}, {"model": "camping.factura", "pk": 11, "fields": {"reserva_extra": 11, "total": "1389.48", "emitida_en": "2025-12-14T00:38:28.106Z", "pagado": true}}, {"model": "camping.factura", "pk": 12, "fields": {"reserva_extra": 12, "total": "731.24", "emitida_en": "2025-12-14T00:38:28.250Z", "pagado": true}}, {"model": "camping.factura", "pk": 13, "fields": {"reserva_extra": 13, "total": "614.46", "emitida_en": "2025-12-14T00:38:28.394Z", "pagado": false}}, {"model": "camping.factura", "pk": 14, "fields": {"reserva_extra": 14, "total": "379.83", "emitida_en": "2025-12-14T00:38:28.538Z", "pagado": true}}, {"model": "camping.factura", "pk": 15, "fields": {"reserva_extra": 15, "total": "1356.86", "emitida_en": "2025-12-14T00:38:28.682Z", "pagado": true}}, {"model": "camping.factura", "pk": 16, "fields": {"reserva_extra": 16, "total": "1312.23", "emitida_en": "2025-12-14T00:38:28.842Z", "pagado": false}}, {"model": "camping.factura", "pk": 17, "fields": {"reserva_extra": 17, "total": "1829.47", "emitida_en": "2025-12-14T00:38:44.986Z", "pagado": false}}, {"model": "camping.factura", "pk": 18, "fields": {"reserva_extra": 18, "total": "1510.19", "emitida_en": "2025-12-14T00:38:45.130Z", "pagado": true}}, {"model": "camping.factura", "pk": 19, "fields": {"reserva_extra": 19, "total": "1026.22", "emitida_en": "2025-12-14T00:38:45.274Z", "pagado": true}}, {"model": "camping.factura", "pk": 20, "fields": {"reserva_extra": 20, "total": "815.44", "emitida_en": "2025-12-14T00:38:45.418Z", "pagado": true}}, {"model": "camping.factura", "pk": 21, "fields": {"reserva_extra": 21, "total": "1046.21", "emitida_en": "2025-12-14T00:38:45.562Z", "pagado": false}}, {"model": "camping.factura", "pk": 22, "fields": {"reserva_extra": 22, "total": "881.85", "emitida_en": "2025-12-14T00:38:45.707Z", "pagado": true}}, {"model": "camping.factura", "pk": 23, "fields": {"reserva_extra": 23, "total": "61.25", "emitida_en": "2025-12-14T00:38:45.850Z", "pagado": false}}, {"model": "camping.factura", "pk": 24, "fields": {"reserva_extra": 24, "total": "926.96", "emitida_en": "2025-12-14T00:38:45.994Z", "pagado": true}}, {"model": "camping.factura", "pk": 25, "fields": {"reserva_extra": 25, "total": "1020.54", "emitida_en": "2025-12-14T00:38:46.122Z", "pagado": false}}, {"model": "camping.factura", "pk": 26, "fields": {"reserva_extra": 26, "total": "1314.78", "emitida_en": "2025-12-14T00:38:46.266Z", "pagado": false}}, {"model": "camping.factura", "pk": 27, "fields": {"reserva_extra": 27, "total": "1867.67", "emitida_en": "2025-12-14T00:38:46.410Z", "pagado": true}}, {"model": "camping.factura", "pk": 28, "fields": {"reserva_extra": 28, "total": "1113.17", "emitida_en": "2025-12-14T00:38:46.554Z", "pagado": true}}, {"model": "camping.factura", "pk": 29, "fields": {"reserva_extra": 29, "total": "1116.16", "emitida_en": "2025-12-14T00:38:46.698Z", "pagado": false}}, {"model": "camping.factura", "pk": 30, "fields": {"reserva_extra": 30, "total": "662.57", "emitida_en": "2025-12-14T00:38:46.842Z", "pagado": true}}, {"model": "camping.factura", "pk": 31, "fields": {"reserva_extra": 31, "total": "91.60", "emitida_en": "2025-12-14T00:38:46.986Z", "pagado": true}}, {"model": "camping.factura", "pk": 32, "fields": {"reserva_extra": 32, "total": "1938.87", "emitida_en": "2025-12-14T00:38:47.130Z", "pagado": true}}, {"model": "camping.factura", "pk": 33, "fields": {"reserva_extra": 33, "total": "845.47", "emitida_en": "2025-12-14T00:38:47.274Z", "pagado": true}}, {"model": "camping.factura", "pk": 34, "fields": {"reserva_extra": 34, "total": "660.59", "emitida_en": "2025-12-14T00:38:47.418Z", "pagado": true}}, {"model": "camping.factura", "pk": 35, "fields": {"reserva_extra": 35, "total": "207.97", "emitida_en": "2025-12-14T00:38:47.562Z", "pagado": true}}, {"model": "camping.factura", "pk": 36, "fields": {"reserva_extra": 36, "total": "1685.56", "emitida_en": "2025-12-14T00:38:47.706Z", "pagado": true}}, {"model": "auth.permission", "fields": {"name": "Can add log entry", "content_type": ["admin", "logentry"], "codename": "add_logentry"}}, {"model": "auth.permission", "fields": {"name": "Can change log entry", "content_type": ["admin", "logentry"], "codename": "change_logentry"}}, {"model": "auth.permission", "fields": {"name": "Can delete log entry", "content_type": ["admin", "logentry"], "codename": "delete_logentry"}}, {"model": "auth.permission", "fields": {"name": "Can view log entry", "content_type": ["admin", "logentry"], "codename": "view_logentry"}}, {"model": "auth.permission", "fields": {"name": "Can add permission", "content_type": ["auth", "permission"], "codename": "add_permission"}}, {"model": "auth.permission", "fields": {"name": "Can change permission", "content_type": ["auth", "permission"], "codename": "change_permission"}}, {"model": "auth.permission", "fields": {"name": "Can delete permission", "content_type": ["auth", "permission"], "codename": "delete_permission"}}, {"model": "auth.permission", "fields": {"name": "Can view permission", "content_type": ["auth", "permission"], "codename": "view_permission"}}, {"model": "auth.permission", "fields": {"name": "Can add group", "content_type": ["auth", "group"], "codename": "add_group"}}, {"model": "auth.permission", "fields": {"name": "Can change group", "content_type": ["auth", "group"], "codename": "change_group"}}, {"model": "auth.permission", "fields": {"name": "Can delete group", "content_type": ["auth", "group"], "codename": "delete_group"}}, {"model": "auth.permission", "fields": {"name": "Can view group", "content_type": ["auth", "group"], "codename": "view_group"}}, {"model": "auth.permission", "fields": {"name": "Can add content type", "content_type": ["contenttypes", "contenttype"], "codename": "add_contenttype"}}, {"model": "auth.permission", "fields": {"name": "Can change content type", "content_type": ["contenttypes", "contenttype"], "codename": "change_contenttype"}}, {"model": "auth.permission", "fields": {"name": "Can delete content type", "content_type": ["contenttypes", "contenttype"], "codename": "delete_contenttype"}}, {"model": "auth.permission", "fields": {"name": "Can view content type", "content_type": ["contenttypes", "contenttype"], "codename": "view_contenttype"}}, {"model": "auth.permission", "fields": {"name": "Can add session", "content_type": ["sessions", "session"], "codename": "add_session"}}, {"model": "auth.permission", "fields": {"name": "Can change session", "content_type": ["sessions", "session"], "codename": "change_session"}}, {"model": "auth.permission", "fields": {"name": "Can delete session", "content_type": ["sessions", "session"], "codename": "delete_session"}}, {"model": "auth.permission", "fields": {"name": "Can view session", "content_type": ["sessions", "session"], "codename": "view_session"}}, {"model": "auth.permission", "fields": {"name": "Can add actividad", "content_type": ["camping", "actividad"], "codename": "add_actividad"}}, {"model": "auth.permission", "fields": {"name": "Can change actividad", "content_type": ["camping", "actividad"], "codename": "change_actividad"}}, {"model": "auth.permission", "fields": {"name": "Can delete actividad", "content_type": ["camping", "actividad"], "codename": "delete_actividad"}}, {"model": "auth.permission", "fields": {"name": "Can view actividad", "content_type": ["camping", "actividad"], "codename": "view_actividad"}}, {"model": "auth.permission", "fields": {"name": "Can add camping", "content_type": ["camping", "camping"], "codename": "add_camping"}}, {"model": "auth.permission", "fields": {"name": "Can change camping", "content_type": ["camping", "camping"], "codename": "change_camping"}}, {"model": "auth.permission", "fields": {"name": "Can delete camping", "content_type": ["camping", "camping"], "codename": "delete_camping"}}, {"model": "auth.permission", "fields": {"name": "Can view camping", "content_type": ["camping", "camping"], "codename": "view_camping"}}, {"model": "auth.permission", "fields": {"name": "Can add persona", "content_type": ["camping", "persona"], "codename": "add_persona"}}, {"model": "auth.permission", "fields": {"name": "Can change persona", "content_type": ["camping", "persona"], "codename": "change_persona"}}, {"model": "auth.permission", "fields": {"name": "Can delete persona", "content_type": ["camping", "persona"], "codename": "delete_persona"}}, {"model": "auth.permission", "fields": {"name": "Can view persona", "content_type": ["camping", "persona"], "codename": "view_persona"}}, {"model": "auth.permission", "fields": {"name": "Can add servicios extra", "content_type": ["camping", "serviciosextra"], "codename": "add_serviciosextra"}}, {"model": "auth.permission", "fields": {"name": "Can change servicios extra", "content_type": ["camping", "serviciosextra"], "codename": "change_serviciosextra"}}, {"model": "auth.permission", "fields": {"name": "Can delete servicios extra", "content_type": ["camping", "serviciosextra"], "codename": "delete_serviciosextra"}}, {"model": "auth.permission", "fields": {"name": "Can view servicios extra", "content_type": ["camping", "serviciosextra"], "codename": "view_serviciosextra"}}, {"model": "auth.permission", "fields": {"name": "Can add user", "content_type": ["camping", "usuario"], "codename": "add_usuario"}}, {"model": "auth.permission", "fields": {"name": "Can change user", "content_type": ["camping", "usuario"], "codename": "change_usuario"}}, {"model": "auth.permission", "fields": {"name": "Can delete user", "content_type": ["camping", "usuario"], "codename": "delete_usuario"}}, {"model": "auth.permission", "fields": {"name": "Can view user", "content_type": ["camping", "usuario"], "codename": "view_usuario"}}, {"model": "auth.permission", "fields": {"name": "Can add parcela", "content_type": ["camping", "parcela"], "codename": "add_parcela"}}, {"model": "auth.permission", "fields": {"name": "Can change parcela", "content_type": ["camping", "parcela"], "codename": "change_parcela"}}, {"model": "auth.permission", "fields": {"name": "Can delete parcela", "content_type": ["camping", "parcela"], "codename": "delete_parcela"}}, {"model": "auth.permission", "fields": {"name": "Can view parcela", "content_type": ["camping", "parcela"], "codename": "view_parcela"}}, {"model": "auth.permission", "fields": {"name": "Can add cuidador", "content_type": ["camping", "cuidador"], "codename": "add_cuidador"}}, {"model": "auth.permission", "fields": {"name": "Can change cuidador", "content_type": ["camping", "cuidador"], "codename": "change_cuidador"}}, {"model": "auth.permission", "fields": {"name": "Can delete cuidador", "content_type": ["camping", "cuidador"], "codename": "delete_cuidador"}}, {"model": "auth.permission", "fields": {"name": "Can view cuidador", "content_type": ["camping", "cuidador"], "codename": "view_cuidador"}}, {"model": "auth.permission", "fields": {"name": "Can add cliente", "content_type": ["camping", "cliente"], "codename": "add_cliente"}}, {"model": "auth.permission", "fields": {"name": "Can change cliente", "content_type": ["camping", "cliente"], "codename": "change_cliente"}}, {"model": "auth.permission", "fields": {"name": "Can delete cliente", "content_type": ["camping", "cliente"], "codename": "delete_cliente"}}, {"model": "auth.permission", "fields": {"name": "Can view cliente", "content_type": ["camping", "cliente"], "codename": "view_cliente"}}, {"model": "auth.permission", "fields": {"name": "Can add recepcionista", "content_type": ["camping", "recepcionista"], "codename": "add_recepcionista"}}, {"model": "auth.permission", "fields": {"name": "Can change recepcionista", "content_type": ["camping", "recepcionista"], "codename": "change_recepcionista"}}, {"model": "auth.permission", "fields": {"name": "Can delete recepcionista", "content_type": ["camping", "recepcionista"], "codename": "delete_recepcionista"}}, {"model": "auth.permission", "fields": {"name": "Can view recepcionista", "content_type": ["camping", "recepcionista"], "codename": "view_recepcionista"}}, {"model": "auth.permission", "fields": {"name": "Can add reserva", "content_type": ["camping", "reserva"], "codename": "add_reserva"}}, {"model": "auth.permission", "fields": {"name": "Can change reserva", "content_type": ["camping", "reserva"], "codename": "change_reserva"}}, {"model": "auth.permission", "fields": {"name": "Can delete reserva", "content_type": ["camping", "reserva"], "codename": "delete_reserva"}}, {"model": "auth.permission", "fields": {"name": "Can view reserva", "content_type": ["camping", "reserva"], "codename": "view_reserva"}}, {"model": "auth.permission", "fields": {"name": "Can add reserva extras", "content_type": ["camping", "reservaextras"], "codename": "add_reservaextras"}}, {"model": "auth.permission", "fields": {"name": "Can change reserva extras", "content_type": ["camping", "reservaextras"], "codename": "change_reservaextras"}}, {"model": "auth.permission", "fields": {"name": "Can delete reserva extras", "content_type": ["camping", "reservaextras"], "codename": "delete_reservaextras"}}, {"model": "auth.permission", "fields": {"name": "Can view reserva extras", "content_type": ["camping", "reservaextras"], "codename": "view_reservaextras"}}, {"model": "auth.permission", "fields": {"name": "Can add factura", "content_type": ["camping", "factura"], "codename": "add_factura"}}, {"model": "auth.permission", "fields": {"name": "Can change factura", "content_type": ["camping", "factura"], "codename": "change_factura"}}, {"model": "auth.permission", "fields": {"name": "Can delete factura", "content_type": ["camping", "factura"], "codename": "delete_factura"}}, {"model": "auth.permission", "fields": {"name": "Can view factura", "content_type": ["camping", "factura"], "codename": "view_factura"}}, {"model": "auth.permission", "fields": {"name": "Can add vehiculo", "content_type": ["camping", "vehiculo"], "codename": "add_vehiculo"}}, {"model": "auth.permission", "fields": {"name": "Can change vehiculo", "content_type": ["camping", "vehiculo"], "codename": "change_vehiculo"}}, {"model": "auth.permission", "fields": {"name": "Can delete vehiculo", "content_type": ["camping", "vehiculo"], "codename": "delete_vehiculo"}}, {"model": "auth.permission", "fields": {"name": "Can view vehiculo", "content_type": ["camping", "vehiculo"], "codename": "view_vehiculo"}}, {"model": "auth.group", "fields": {"name": "Clientes", "permissions": [["view_camping", "camping", "camping"], ["add_cliente", "camping", "cliente"], ["change_cliente", "camping", "cliente"], ["delete_cliente", "camping", "cliente"], ["view_cliente", "camping", "cliente"], ["view_factura", "camping", "factura"], ["view_parcela", "camping", "parcela"], ["view_reserva", "camping", "reserva"], ["view_reservaextras", "camping", "reservaextras"], ["view_serviciosextra", "camping", "serviciosextra"], ["view_vehiculo", "camping", "vehiculo"]]}}, {"model": "auth.group", "fields": {"name": "Recepcionistas", "permissions": [["view_actividad", "camping", "actividad"], ["add_camping", "camping", "camping"], ["change_camping", "camping", "camping"], ["delete_camping", "camping", "camping"], ["view_camping", "camping", "camping"], ["view_cliente", "camping", "cliente"], ["change_factura", "camping", "factura"], ["delete_factura", "camping", "factura"], ["view_factura", "camping", "factura"], ["add_parcela", "camping", "parcela"], ["change_parcela", "camping", "parcela"], ["delete_parcela", "camping", "parcela"], ["view_parcela", "camping", "parcela"], ["add_recepcionista", "camping", "recepcionista"], ["change_recepcionista", "camping", "recepcionista"], ["delete_recepcionista", "camping", "recepcionista"], ["view_recepcionista", "camping", "recepcionista"], ["change_reserva", "camping", "reserva"], ["view_reserva", "camping", "reserva"], ["change_reservaextras", "camping", "reservaextras"], ["delete_reservaextras", "camping", "reservaextras"], ["view_reservaextras", "camping", "reservaextras"], ["change_serviciosextra", "camping", "serviciosextra"], ["delete_serviciosextra", "camping", "serviciosextra"], ["view_serviciosextra", "camping", "serviciosextra"], ["change_vehiculo", "camping", "vehiculo"], ["delete_vehiculo", "camping", "vehiculo"], ["view_vehiculo", "camping", "vehiculo"]]}}, {"model": "auth.group", "fields": {"name": "Cuidadores", "permissions": [["add_actividad", "camping", "actividad"], ["change_actividad", "camping", "actividad"], ["delete_actividad", "camping", "actividad"], ["view_actividad", "camping", "actividad"], ["view_camping", "camping", "camping"], ["view_cliente", "camping", "cliente"], ["add_cuidador", "camping", "cuidador"], ["change_cuidador", "camping", "cuidador"], ["delete_cuidador", "camping", "cuidador"], ["view_cuidador", "camping", "cuidador"], ["view_parcela", "camping", "parcela"], ["view_reserva", "camping", "reserva"], ["view_reservaextras", "camping", "reservaextras"], ["view_serviciosextra", "camping", "serviciosextra"], ["view_vehiculo", "camping", "vehiculo"]]}}, {"model": "camping.usuario", "fields": {"password": "pbkdf2_sha256$870000$51xa0yAKuuK4scDy78DiZ8$wqk5RiWmyYLZsjlydUv0MKRRyxKD4TXfeALdhom8DTI=", "last_login": null, "is_superuser": true, "username": "marcos", "first_name": "", "last_name": "", "email": "hola@gmail.com", "is_staff": true, "is_active": true, "date_joined": "2025-12-14T00:29:08.907Z", "rol": 1, "groups": [], "user_permissions": []}}, {"model": "camping.usuario", "fields": {"password": "pbkdf2_sha256$870000$muHKinMSwyYZ2Oli3pIo92$Fh1MrqWZK0xEPQK5CyACBtuez6TRP+7d1PSV0jHq+UU=", "last_login": "2025-12-14T00:30:29.540Z", "is_superuser": true, "username": "admin", "first_name": "", "last_name": "", "email": "admin@gmail.com", "is_staff": true, "is_active": true, "date_joined": "2025-12-14T00:29:59.717Z", "rol": 1, "groups": [], "user_permissions": []}}, {"model": "camping.usuario", "fields": {"password": "pbkdf2_sha256$870000$7S60OlZaYqw6ZM0FZ6nsA7$gscXzyXpRBPdMU/NyatgaJ+G2BbNJ7tTChyqGAK5On8=", "last_login": null, "is_superuser": false, "username": "graciela538", "first_name": "", "last_name": "", "email": "ricardo19@example.com", "is_staff": false, "is_active": true, "date_joined": "2025-12-14T00:38:15.533Z", "rol": 1, "groups": [], "user_permissions": []}}, {"model": "camping.usuario", "fields": {"password": "pbkdf2_sha256$870000$B4UhkAsuDe4FhrLu9kzcwo$f1I0t47dezskCo46lOkkC951LOeLLdI0X3zm4DKheUQ=", "last_login": null, "is_superuser": false, "username": "valeria100", "first_name": "", "last_name": "", "email": "viniciohigueras@example.net", "is_staff": false, "is_active": true, "date_joined": "2025-12-14T00:38:15.839Z", "rol": 3, "groups": [], "user_permissions": []}}, {"model": "camping.usuario", "fields": {"password": "pbkdf2_sha256$870000$AbFgh7VTQh9R9Dnma9JvBJ$xUslkcOaYpTng3aqLiQVU3he4EzzUXF/2uJqJBt5yfk=", "last_login": null, "is_superuser": false, "username": "felisa729", "first_name": "", "last_name": "", "email": "maria-pilar41@example.org", "is_staff": false, "is_active": true, "date_joined": "2025-12-14T00:38:16.139Z", "rol": 4, "groups": [], "user_permissions": []}}, {"model": "camping.usuario", "fields": {"password": "pbkdf2_sha256$870000$n5w8e71VN4xfaEfVWZ4yyS$XW8ODNO6WLUkPiKDA1CZcSO6Czs/Gl9+8VqqFloXN/s=", "last_login": null, "is_superuser": false, "username": "prudencio464", "first_name": "", "last_name": "", "email": "pnoguera@example.org", "is_staff": false, "is_active": true, "date_joined": "2025-12-14T00:38:16.445Z", "rol": 2, "groups": [], "user_permissions": []}}, {"model": "camping.usuario", "fields": {"password": "pbkdf2_sha256$870000$CMZsstq1HMsxWE4EHb93Wj$e21lCQ87SJPBpblLw4PHYBZOFOrwTstEa5BoPdzCB4w=", "last_login": null, "is_superuser": false, "username": "agustina877", "first_name": "", "last_name": "", "email": "zlosada@example.com", "is_staff": false, "is_active": true, "date_joined": "2025-12-14T00:38:16.765Z", "rol": 1, "groups": [], "user_permissions": []}}, {"model": "camping.usuario", "fields": {"password": "pbkdf2_sha256$870000$5pH3HAJg7Ig7jr1V4C7Z2F$acD4KjYebGnFU+PuyVOzjyVaWnwzSYpAaf7f6IIHKwA=", "last_login": null, "is_superuser": false, "username": "gala580", "first_name": "", "last_name": "", "email": "emancebo@example.net", "is_staff": false, "is_active": true, "date_joined": "2025-12-14T00:38:17.067Z", "rol": 4, "groups": [], "user_permissions": []}}, {"model": "camping.usuario", "fields": {"password": "pbkdf2_sha256$870000$P2bAMWQ8oTM1hjHZGKDcbf$AdXyG2nBzI0vy9uVfpNv9GCPdhIO+pzqDXGvhXSkE0Y=", "last_login": null, "is_superuser": false, "username": "martirio430", "first_name": "", "last_name": "", "email": "sanchopera@example.com", "is_staff": false, "is_active": true, "date_joined": "2025-12-14T00:38:17.372Z", "rol": 2, "groups": [], "user_permissions": []}}, {"model": "camping.usuario", "fields": {"password": "pbkdf2_sha256$870000$3K56gc7lbz3Sz4WfmNdxNS$/kDiZ5VAd3vVWyUtFO7lMlbeGUXTt5SwX53Rk/BxD68=", "last_login": null, "is_superuser": false, "username": "esperanza437", "first_name": "", "last_name": "", "email": "spomares@example.org", "is_staff": false, "is_active": true, "date_joined": "2025-12-14T00:38:17.677Z", "rol": 2, "groups": [], "user_permissions": []}}, {"model": "camping.usuario", "fields": {"password": "pbkdf2_sha256$870000$xduqwj2qK7LfJbY1TysgLF$soml3EV1GsrsEvpkEak+sb4uzaIlSNc8xxYvNNB537w=", "last_login": null, "is_superuser": false, "username": "nilda334", "first_name": "", "last_name": "", "email": "wsans@example.net", "is_staff": false, "is_active": true, "date_joined": "2025-12-14T00:38:17.995Z", "rol": 2, "groups": [], "user_permissions": []}}, {"model": "camping.usuario", "fields": {"password": "pbkdf2_sha256$870000$f5lu8s4gpuWjJgoPgPT8DF$BP6L93oxlf14GOJtrlaIT3XeJ0uZZf1ZukKWUTNXpvU=", "last_login": null, "is_superuser": false, "username": "rosalina254", "first_name": "", "last_name": "", "email": "solsonaazahar@example.net", "is_staff": false, "is_active": true, "date_joined": "2025-12-14T00:38:18.299Z", "rol": 4, "groups": [], "user_permissions": []}}, {"model": "camping.usuario", "fields": {"password": "pbkdf2_sha256$870000$nRdXSZ77HpzMGG1OEfi3Sl$FFY5nddr/9s5Q6xijqqmJ/Y16WdaatAznJ0f+pVEc3A=", "last_login": null, "is_superuser": false, "username": "jafet296", "first_name": "", "last_name": "", "email": "ayusoselena@example.org", "is_staff": false, "is_active": true, "date_joined": "2025-12-14T00:38:18.602Z", "rol": 4, "groups": [], "user_permissions": []}}, {"model": "camping.usuario", "fields": {"password": "pbkdf2_sha256$870000$vnOboxx6Hj7xi28p6ksQlg$ORG9fQCSOXC/UK4/hq6jAEapDCqlOBKTeProHeURAj4=", "last_login": null, "is_superuser": false, "username": "victor manuel460", "first_name": "", "last_name": "", "email": "yagocontreras@example.org", "is_staff": false, "is_active": true, "date_joined": "2025-12-14T00:38:18.909Z", "rol": 3, "groups": [], "user_permissions": []}}, {"model": "camping.usuario", "fields": {"password": "pbkdf2_sha256$870000$2jcOiFWOM4sDyB0qw7LCQC$SyOU+4bVuh8U9YtKw2o7PZx5N+/knxmBg7yhjlMDIqY=", "last_login": null, "is_superuser": false, "username": "felicia403", "first_name": "", "last_name": "", "email": "antonio76@example.org", "is_staff": false, "is_active": true, "date_joined": "2025-12-14T00:38:19.213Z", "rol": 2, "groups": [], "user_permissions": []}}, {"model": "camping.usuario", "fields": {"password": "pbkdf2_sha256$870000$yvADfIrSwW6r5Kgw8pqaHQ$xkA1RE4EOGNa8CdroLls7Div5Zre3bVdiKOEzWejJ30=", "last_login": null, "is_superuser": false, "username": "reyna392", "first_name": "", "last_name": "", "email": "soraya25@example.com", "is_staff": false, "is_active": true, "date_joined": "2025-12-14T00:38:19.532Z", "rol": 4, "groups": [], "user_permissions": []}}, {"model": "camping.usuario", "fields": {"password": "pbkdf2_sha256$870000$swBJ8ZeQNs2YTiH3ASS0Cj$G0A6ehhj4s3oQOMuS4JcjMFn/eOL+4+Wq6dnjSYR4iw=", "last_login": null, "is_superuser": false, "username": "rosal├¡a143", "first_name": "", "last_name": "", "email": "loida35@example.org", "is_staff": false, "is_active": true, "date_joined": "2025-12-14T00:38:19.835Z", "rol": 3, "groups": [], "user_permissions": []}}, {"model": "camping.usuario", "fields": {"password": "pbkdf2_sha256$870000$S3PeCRa3C8iLSP3xMUHrBV$wBkTCVnzsEbkFCJq96gCr/0tkJH6VmcdPB/dkHqSxyI=", "last_login": null, "is_superuser": false, "username": "martirio197", "first_name": "", "last_name": "", "email": "albina02@example.com", "is_staff": false, "is_active": true, "date_joined": "2025-12-14T00:38:33.582Z", "rol": 1, "groups": [], "user_permissions": []}}, {"model": "camping.usuario", "fields": {"password": "pbkdf2_sha256$870000$SJ0oSAn6iolzDLr531oUKr$97F0ch4GSfuAtrC6cgbRe7R1/0Sw4ASbbk7MsQYPpZc=", "last_login": null, "is_superuser": false, "username": "leonardo575", "first_name": "", "last_name": "", "email": "esole@example.org", "is_staff": false, "is_active": true, "date_joined": "2025-12-14T00:38:33.888Z", "rol": 1, "groups": [], "user_permissions": []}}, {"model": "camping.usuario", "fields": {"password": "pbkdf2_sha256$870000$I1vysi8Ipku4OalZ8WxLMm$qDrwb9Zhb8JMUbmQPv/PGqZs2rQVhYrhc3VL0tp96vA=", "last_login": null, "is_superuser": false, "username": "domitila283", "first_name": "", "last_name": "", "email": "hugo46@example.net", "is_staff": false, "is_active": true, "date_joined": "2025-12-14T00:38:34.191Z", "rol": 4, "groups": [], "user_permissions": []}}, {"model": "camping.usuario", "fields": {"password": "pbkdf2_sha256$870000$SxUmaDGgZaPxFo7T3BP8se$Ltvlr5MmVGW7LzXlE0D5eNRapCBWt9aQAFhf4BzyDxE=", "last_login": null, "is_superuser": false, "username": "ariel908", "first_name": "", "last_name": "", "email": "pepitavillanueva@example.net", "is_staff": false, "is_active": true, "date_joined": "2025-12-14T00:38:34.507Z", "rol": 3, "groups": [], "user_permissions": []}}, {"model": "camping.usuario", "fields": {"password": "pbkdf2_sha256$870000$80we7LCbDgk1iY1uIIISUW$8FS0vC+pmQjMYZbatwdow7tf/LqdWtvnPfJAY9e4cDM=", "last_login": null, "is_superuser": false, "username": "c├índida154", "first_name": "", "last_name": "", "email": "hernandoborja@example.net", "is_staff": false, "is_active": true, "date_joined": "2025-12-14T00:38:34.815Z", "rol": 1, "groups": [], "user_permissions": []}}, {"model": "camping.usuario", "fields": {"password": "pbkdf2_sha256$870000$EXXYtGAKdBMd24B4O7TtlR$Cidv6xQkyjARyZ9p6Y4DBPl1oP5RdJy20dOl/nO6EH0=", "last_login": null, "is_superuser": false, "username": "che566", "first_name": "", "last_name": "", "email": "lisandronavas@example.net", "is_staff": false, "is_active": true, "date_joined": "2025-12-14T00:38:35.118Z", "rol": 4, "groups": [], "user_permissions": []}}, {"model": "camping.usuario", "fields": {"password": "pbkdf2_sha256$870000$QxQO46BQyOsdVjOGK9P9wI$g/X7/KPWtU9u491f+isrIeHqO11YgWxY3FWUOaDb/ko=", "last_login": null, "is_superuser": false, "username": "florina369", "first_name": "", "last_name": "", "email": "blancagalvez@example.com", "is_staff": false, "is_active": true, "date_joined": "2025-12-14T00:38:35.422Z", "rol": 3, "groups": [], "user_permissions": []}}, {"model": "camping.usuario", "fields": {"password": "pbkdf2_sha256$870000$aLUvalZnWuAo8KIBoTHuC5$SUaJeDkOtW718hkH+l0YC619EDKS90SCahBUY/6TtUI=", "last_login": null, "is_superuser": false, "username": "cl├¡maco758", "first_name": "", "last_name": "", "email": "vgordillo@example.net", "is_staff": false, "is_active": true, "date_joined": "2025-12-14T00:38:35.741Z", "rol": 2, "groups": [], "user_permissions": []}}, {"model": "camping.usuario", "fields": {"password": "pbkdf2_sha256$870000$7RUa258ipp6v3XS7PwEbBZ$yUVDbgYLzO0afbqPwUHYBFebYOACS7JE4DyEOWdrlk4=", "last_login": null, "is_superuser": false, "username": "crescencia950", "first_name": "", "last_name": "", "email": "jerezflorencio@example.net", "is_staff": false, "is_active": true, "date_joined": "2025-12-14T00:38:36.048Z", "rol": 2, "groups": [], "user_permissions": []}}, {"model": "camping.usuario", "fields": {"password": "pbkdf2_sha256$870000$TWXhsItW0avACJdJxyijME$DtrzetAFsfwcnsBFA/9xSGFnUx1CrSQutq0XAMunQVs=", "last_login": null, "is_superuser": false, "username": "perla954", "first_name": "", "last_name": "", "email": "ivanharo@example.com", "is_staff": false, "is_active": true, "date_joined": "2025-12-14T00:38:36.349Z", "rol": 2, "groups": [], "user_permissions": []}}, {"model": "camping.usuario", "fields": {"password": "pbkdf2_sha256$870000$FGbTOe3mgiMWbVMUOiS2UF$NBnzCItxH43RyNR2rKgmM2vnJ8IGkZUjsmIe2vinkts=", "last_login": null, "is_superuser": false, "username": "cipriano967", "first_name": "", "last_name": "", "email": "kordonez@example.org", "is_staff": false, "is_active": true, "date_joined": "2025-12-14T00:38:36.652Z", "rol": 4, "groups": [], "user_permissions": []}}, {"model": "camping.usuario", "fields": {"password": "pbkdf2_sha256$870000$YipSMbBWEAtAwCrDFwUL1D$EgeNI/LIUdNerlDg4YcE9p9g+Ca2jFn9d2djUkqwIEk=", "last_login": null, "is_superuser": false, "username": "maxi276", "first_name": "", "last_name": "", "email": "ubanos@example.com", "is_staff": false, "is_active": true, "date_joined": "2025-12-14T00:38:36.972Z", "rol": 2, "groups": [], "user_permissions": []}}, {"model": "camping.usuario", "fields": {"password": "pbkdf2_sha256$870000$eEpkDrj1t7CJb5L6dBHKgJ$gVJVWXuICiJ8GnSN8B/UgZ96WLsRkWzThHy1G5gpy/g=", "last_login": null, "is_superuser": false, "username": "nico372", "first_name": "", "last_name": "", "email": "luperueda@example.com", "is_staff": false, "is_active": true, "date_joined": "2025-12-14T00:38:37.293Z", "rol": 1, "groups": [], "user_permissions": []}}, {"model": "camping.usuario", "fields": {"password": "pbkdf2_sha256$870000$hQNeUu64LxdKgpIQjLkHjD$a/Sa4Sa+hbaeBCfjx/6ZuiNkGbAdlKVKd/iOThn2Wzc=", "last_login": null, "is_superuser": false, "username": "lara595", "first_name": "", "last_name": "", "email": "ortizcristian@example.com", "is_staff": false, "is_active": true, "date_joined": "2025-12-14T00:38:37.610Z", "rol": 1, "groups": [], "user_permissions": []}}, {"model": "camping.usuario", "fields": {"password": "pbkdf2_sha256$870000$lMeWXgoQ4jb79RnBAy10jS$9qUYwEjiEEBEVMnDMeaCtvvi3yxQWeNiWCWkWxjMZ3Q=", "last_login": null, "is_superuser": false, "username": "iris547", "first_name": "", "last_name": "", "email": "vizcainonelida@example.org", "is_staff": false, "is_active": true, "date_joined": "2025-12-14T00:38:37.915Z", "rol": 3, "groups": [], "user_permissions": []}}, {"model": "camping.recepcionista", "pk": 1, "fields": {"usuario": ["prudencio464"], "datos_persona": 4, "salario": "2077.97", "turno": "ma"}}, {"model": "camping.recepcionista", "pk": 2, "fields": {"usuario": ["martirio430"], "datos_persona": 7, "salario": "2156.11", "turno": "ta"}}, {"model": "camping.recepcionista", "pk": 3, "fields": {"usuario": ["esperanza437"], "datos_persona": 8, "salario": "1243.31", "turno": "ma"}}, {"model": "camping.recepcionista", "pk": 4, "fields": {"usuario": ["nilda334"], "datos_persona": 9, "salario": "1695.33", "turno": "ta"}}, {"model": "camping.recepcionista", "pk": 5, "fields": {"usuario": ["felicia403"], "datos_persona": 13, "salario": "1164.02", "turno": "ta"}}, {"model": "camping.recepcionista", "pk": 6, "fields": {"usuario": ["cl├¡maco758"], "datos_persona": 23, "salario": "1461.97", "turno": "ta"}}, {"model": "camping.recepcionista", "pk": 7, "fields": {"usuario": ["crescencia950"], "datos_persona": 24, "salario": "1753.54", "turno": "ta"}}, {"model": "camping.recepcionista", "pk": 8, "fields": {"usuario": ["perla954"], "datos_persona": 25, "salario": "1314.09", "turno": "ta"}}, {"model": "camping.recepcionista", "pk": 9, "fields": {"usuario": ["maxi276"], "datos_persona": 27, "salario": "1441.80", "turno": "ma"}}, {"model": "camping.cuidador", "pk": 1, "fields": {"usuario": ["valeria100"], "datos_persona": 2, "especialidad": "Pe├│n de minas y canteras", "disponible_de_noche": true, "puntuacion": 6}}, {"model": "camping.cuidador", "pk": 2, "fields": {"usuario": ["victor manuel460"], "datos_persona": 12, "especialidad": "T├®cnico forestal", "disponible_de_noche": true, "puntuacion": 4}}, {"model": "camping.cuidador", "pk": 3, "fields": {"usuario": ["rosal├¡a143"], "datos_persona": 15, "especialidad": "Farmac├®utico", "disponible_de_noche": false, "puntuacion": 10}}, {"model": "camping.cuidador", "pk": 4, "fields": {"usuario": ["ariel908"], "datos_persona": 19, "especialidad": "Patronista y cortador de tela", "disponible_de_noche": true, "puntuacion": 10}}, {"model": "camping.cuidador", "pk": 5, "fields": {"usuario": ["florina369"], "datos_persona": 22, "especialidad": "T├®cnico en ciencias biol├│gicas", "disponible_de_noche": true, "puntuacion": 6}}, {"model": "camping.cuidador", "pk": 6, "fields": {"usuario": ["iris547"], "datos_persona": 30, "especialidad": "Veterinario", "disponible_de_noche": true, "puntuacion": 6}}, {"model": "camping.cliente", "pk": 1, "fields": {"usuario": ["graciela538"], "datos_persona": 1, "numero_cuenta": "ES6386099556165960442906", "nacionalidad": "Grecia", "acepta_publicidad": false}}, {"model": "camping.cliente", "pk": 2, "fields": {"usuario": ["felisa729"], "datos_persona": 3, "numero_cuenta": "ES8641361503372643644130", "nacionalidad": "Guyana", "acepta_publicidad": false}}, {"model": "camping.cliente", "pk": 3, "fields": {"usuario": ["agustina877"], "datos_persona": 5, "numero_cuenta": "ES2308745957020527064698", "nacionalidad": "Arabia Saudita", "acepta_publicidad": true}}, {"model": "camping.cliente", "pk": 4, "fields": {"usuario": ["gala580"], "datos_persona": 6, "numero_cuenta": "ES1842625879843682419135", "nacionalidad": "Rep├║blica Popular Democr├ítica de Corea", "acepta_publicidad": true}}, {"model": "camping.cliente", "pk": 5, "fields": {"usuario": ["rosalina254"], "datos_persona": 10, "numero_cuenta": "ES3687602907530476579443", "nacionalidad": "Israel", "acepta_publicidad": false}}, {"model": "camping.cliente", "pk": 6, "fields": {"usuario": ["jafet296"], "datos_persona": 11, "numero_cuenta": "ES8925927959058269527406", "nacionalidad": "Kazajst├ín", "acepta_publicidad": true}}, {"model": "camping.cliente", "pk": 7, "fields": {"usuario": ["reyna392"], "datos_persona": 14, "numero_cuenta": "ES9109961299169331236074", "nacionalidad": "Azerbaiy├ín", "acepta_publicidad": true}}, {"model": "camping.cliente", "pk": 8, "fields": {"usuario": ["martirio197"], "datos_persona": 16, "numero_cuenta": "ES4719531911148514326811", "nacionalidad": "Pakist├ín", "acepta_publicidad": true}}, {"model": "camping.cliente", "pk": 9, "fields": {"usuario": ["leonardo575"], "datos_persona": 17, "numero_cuenta": "ES4838343742710700023293", "nacionalidad": "Kazajst├ín", "acepta_publicidad": false}}, {"model": "camping.cliente", "pk": 10, "fields": {"usuario": ["domitila283"], "datos_persona": 18, "numero_cuenta": "ES1198356454281402665875", "nacionalidad": "Bahrein", "acepta_publicidad": false}}, {"model": "camping.cliente", "pk": 11, "fields": {"usuario": ["c├índida154"], "datos_persona": 20, "numero_cuenta": "ES7154288171774242799870", "nacionalidad": "Jordania", "acepta_publicidad": true}}, {"model": "camping.cliente", "pk": 12, "fields": {"usuario": ["che566"], "datos_persona": 21, "numero_cuenta": "ES5518145981310838001808", "nacionalidad": "Malawi", "acepta_publicidad": false}}, {"model": "camping.cliente", "pk": 13, "fields": {"usuario": ["cipriano967"], "datos_persona": 26, "numero_cuenta": "ES1319007456451530880223", "nacionalidad": "M├│naco", "acepta_publicidad": false}}, {"model": "camping.cliente", "pk": 14, "fields": {"usuario": ["nico372"], "datos_persona": 28, "numero_cuenta": "ES2356731864457247444759", "nacionalidad": "Canad├í", "acepta_publicidad": true}}, {"model": "camping.cliente", "pk": 15, "fields": {"usuario": ["lara595"], "datos_persona": 29, "numero_cuenta": "ES9078522410193549283626", "nacionalidad": "Congo", "acepta_publicidad": false}}, {"model": "admin.logentry", "pk": 1, "fields": {"action_time": "2025-12-14T00:31:24.518Z", "user": ["admin"], "content_type": ["auth", "group"], "object_id": "1", "object_repr": "Clientes", "action_flag": 1, "change_message": "[{\"added\": {}}]"}}, {"model": "admin.logentry", "pk": 2, "fields": {"action_time": "2025-12-14T00:33:01.190Z", "user": ["admin"], "content_type": ["auth", "group"], "object_id": "2", "object_repr": "Recepcionistas", "action_flag": 1, "change_message": "[{\"added\": {}}]"}}, {"model": "admin.logentry", "pk": 3, "fields": {"action_time": "2025-12-14T00:33:30.613Z", "user": ["admin"], "content_type": ["auth", "group"], "object_id": "3", "object_repr": "Cuidadores", "action_flag": 1, "change_message": "[{\"added\": {}}]"}}, {"model": "admin.logentry", "pk": 4, "fields": {"action_time": "2025-12-14T00:33:53.669Z", "user": ["admin"], "content_type": ["auth", "group"], "object_id": "3", "object_repr": "Cuidadores", "action_flag": 2, "change_message": "[{\"changed\": {\"fields\": [\"Permissions\"]}}]"}}]
