[
{
    "model": "auth.permission",
    "pk": 1,
    "fields": {
        "name": "Can add log entry",
        "content_type": 1,
        "codename": "add_logentry"
    }
},
{
    "model": "auth.permission",
    "pk": 2,
    "fields": {
        "name": "Can change log entry",
        "content_type": 1,
        "codename": "change_logentry"
    }
},
{
    "model": "auth.permission",
    "pk": 3,
    "fields": {
        "name": "Can delete log entry",
        "content_type": 1,
        "codename": "delete_logentry"
    }
},
{
    "model": "auth.permission",
    "pk": 4,
    "fields": {
        "name": "Can view log entry",
        "content_type": 1,
        "codename": "view_logentry"
    }
},
{
    "model": "auth.permission",
    "pk": 5,
    "fields": {
        "name": "Can add permission",
        "content_type": 2,
        "codename": "add_permission"
    }
},
{
    "model": "auth.permission",
    "pk": 6,
    "fields": {
        "name": "Can change permission",
        "content_type": 2,
        "codename": "change_permission"
    }
},
{
    "model": "auth.permission",
    "pk": 7,
    "fields": {
        "name": "Can delete permission",
        "content_type": 2,
        "codename": "delete_permission"
    }
},
{
    "model": "auth.permission",
    "pk": 8,
    "fields": {
        "name": "Can view permission",
        "content_type": 2,
        "codename": "view_permission"
    }
},
{
    "model": "auth.permission",
    "pk": 9,
    "fields": {
        "name": "Can add group",
        "content_type": 3,
        "codename": "add_group"
    }
},
{
    "model": "auth.permission",
    "pk": 10,
    "fields": {
        "name": "Can change group",
        "content_type": 3,
        "codename": "change_group"
    }
},
{
    "model": "auth.permission",
    "pk": 11,
    "fields": {
        "name": "Can delete group",
        "content_type": 3,
        "codename": "delete_group"
    }
},
{
    "model": "auth.permission",
    "pk": 12,
    "fields": {
        "name": "Can view group",
        "content_type": 3,
        "codename": "view_group"
    }
},
{
    "model": "auth.permission",
    "pk": 13,
    "fields": {
        "name": "Can add user",
        "content_type": 4,
        "codename": "add_user"
    }
},
{
    "model": "auth.permission",
    "pk": 14,
    "fields": {
        "name": "Can change user",
        "content_type": 4,
        "codename": "change_user"
    }
},
{
    "model": "auth.permission",
    "pk": 15,
    "fields": {
        "name": "Can delete user",
        "content_type": 4,
        "codename": "delete_user"
    }
},
{
    "model": "auth.permission",
    "pk": 16,
    "fields": {
        "name": "Can view user",
        "content_type": 4,
        "codename": "view_user"
    }
},
{
    "model": "auth.permission",
    "pk": 17,
    "fields": {
        "name": "Can add content type",
        "content_type": 5,
        "codename": "add_contenttype"
    }
},
{
    "model": "auth.permission",
    "pk": 18,
    "fields": {
        "name": "Can change content type",
        "content_type": 5,
        "codename": "change_contenttype"
    }
},
{
    "model": "auth.permission",
    "pk": 19,
    "fields": {
        "name": "Can delete content type",
        "content_type": 5,
        "codename": "delete_contenttype"
    }
},
{
    "model": "auth.permission",
    "pk": 20,
    "fields": {
        "name": "Can view content type",
        "content_type": 5,
        "codename": "view_contenttype"
    }
},
{
    "model": "auth.permission",
    "pk": 21,
    "fields": {
        "name": "Can add session",
        "content_type": 6,
        "codename": "add_session"
    }
},
{
    "model": "auth.permission",
    "pk": 22,
    "fields": {
        "name": "Can change session",
        "content_type": 6,
        "codename": "change_session"
    }
},
{
    "model": "auth.permission",
    "pk": 23,
    "fields": {
        "name": "Can delete session",
        "content_type": 6,
        "codename": "delete_session"
    }
},
{
    "model": "auth.permission",
    "pk": 24,
    "fields": {
        "name": "Can view session",
        "content_type": 6,
        "codename": "view_session"
    }
},
{
    "model": "auth.permission",
    "pk": 25,
    "fields": {
        "name": "Can add actividad",
        "content_type": 7,
        "codename": "add_actividad"
    }
},
{
    "model": "auth.permission",
    "pk": 26,
    "fields": {
        "name": "Can change actividad",
        "content_type": 7,
        "codename": "change_actividad"
    }
},
{
    "model": "auth.permission",
    "pk": 27,
    "fields": {
        "name": "Can delete actividad",
        "content_type": 7,
        "codename": "delete_actividad"
    }
},
{
    "model": "auth.permission",
    "pk": 28,
    "fields": {
        "name": "Can view actividad",
        "content_type": 7,
        "codename": "view_actividad"
    }
},
{
    "model": "auth.permission",
    "pk": 29,
    "fields": {
        "name": "Can add camping",
        "content_type": 8,
        "codename": "add_camping"
    }
},
{
    "model": "auth.permission",
    "pk": 30,
    "fields": {
        "name": "Can change camping",
        "content_type": 8,
        "codename": "change_camping"
    }
},
{
    "model": "auth.permission",
    "pk": 31,
    "fields": {
        "name": "Can delete camping",
        "content_type": 8,
        "codename": "delete_camping"
    }
},
{
    "model": "auth.permission",
    "pk": 32,
    "fields": {
        "name": "Can view camping",
        "content_type": 8,
        "codename": "view_camping"
    }
},
{
    "model": "auth.permission",
    "pk": 33,
    "fields": {
        "name": "Can add perfil usuario",
        "content_type": 9,
        "codename": "add_perfilusuario"
    }
},
{
    "model": "auth.permission",
    "pk": 34,
    "fields": {
        "name": "Can change perfil usuario",
        "content_type": 9,
        "codename": "change_perfilusuario"
    }
},
{
    "model": "auth.permission",
    "pk": 35,
    "fields": {
        "name": "Can delete perfil usuario",
        "content_type": 9,
        "codename": "delete_perfilusuario"
    }
},
{
    "model": "auth.permission",
    "pk": 36,
    "fields": {
        "name": "Can view perfil usuario",
        "content_type": 9,
        "codename": "view_perfilusuario"
    }
},
{
    "model": "auth.permission",
    "pk": 37,
    "fields": {
        "name": "Can add persona",
        "content_type": 10,
        "codename": "add_persona"
    }
},
{
    "model": "auth.permission",
    "pk": 38,
    "fields": {
        "name": "Can change persona",
        "content_type": 10,
        "codename": "change_persona"
    }
},
{
    "model": "auth.permission",
    "pk": 39,
    "fields": {
        "name": "Can delete persona",
        "content_type": 10,
        "codename": "delete_persona"
    }
},
{
    "model": "auth.permission",
    "pk": 40,
    "fields": {
        "name": "Can view persona",
        "content_type": 10,
        "codename": "view_persona"
    }
},
{
    "model": "auth.permission",
    "pk": 41,
    "fields": {
        "name": "Can add servicios extra",
        "content_type": 11,
        "codename": "add_serviciosextra"
    }
},
{
    "model": "auth.permission",
    "pk": 42,
    "fields": {
        "name": "Can change servicios extra",
        "content_type": 11,
        "codename": "change_serviciosextra"
    }
},
{
    "model": "auth.permission",
    "pk": 43,
    "fields": {
        "name": "Can delete servicios extra",
        "content_type": 11,
        "codename": "delete_serviciosextra"
    }
},
{
    "model": "auth.permission",
    "pk": 44,
    "fields": {
        "name": "Can view servicios extra",
        "content_type": 11,
        "codename": "view_serviciosextra"
    }
},
{
    "model": "auth.permission",
    "pk": 45,
    "fields": {
        "name": "Can add parcela",
        "content_type": 12,
        "codename": "add_parcela"
    }
},
{
    "model": "auth.permission",
    "pk": 46,
    "fields": {
        "name": "Can change parcela",
        "content_type": 12,
        "codename": "change_parcela"
    }
},
{
    "model": "auth.permission",
    "pk": 47,
    "fields": {
        "name": "Can delete parcela",
        "content_type": 12,
        "codename": "delete_parcela"
    }
},
{
    "model": "auth.permission",
    "pk": 48,
    "fields": {
        "name": "Can view parcela",
        "content_type": 12,
        "codename": "view_parcela"
    }
},
{
    "model": "auth.permission",
    "pk": 49,
    "fields": {
        "name": "Can add cuidador",
        "content_type": 13,
        "codename": "add_cuidador"
    }
},
{
    "model": "auth.permission",
    "pk": 50,
    "fields": {
        "name": "Can change cuidador",
        "content_type": 13,
        "codename": "change_cuidador"
    }
},
{
    "model": "auth.permission",
    "pk": 51,
    "fields": {
        "name": "Can delete cuidador",
        "content_type": 13,
        "codename": "delete_cuidador"
    }
},
{
    "model": "auth.permission",
    "pk": 52,
    "fields": {
        "name": "Can view cuidador",
        "content_type": 13,
        "codename": "view_cuidador"
    }
},
{
    "model": "auth.permission",
    "pk": 53,
    "fields": {
        "name": "Can add cliente",
        "content_type": 14,
        "codename": "add_cliente"
    }
},
{
    "model": "auth.permission",
    "pk": 54,
    "fields": {
        "name": "Can change cliente",
        "content_type": 14,
        "codename": "change_cliente"
    }
},
{
    "model": "auth.permission",
    "pk": 55,
    "fields": {
        "name": "Can delete cliente",
        "content_type": 14,
        "codename": "delete_cliente"
    }
},
{
    "model": "auth.permission",
    "pk": 56,
    "fields": {
        "name": "Can view cliente",
        "content_type": 14,
        "codename": "view_cliente"
    }
},
{
    "model": "auth.permission",
    "pk": 57,
    "fields": {
        "name": "Can add recepcionista",
        "content_type": 15,
        "codename": "add_recepcionista"
    }
},
{
    "model": "auth.permission",
    "pk": 58,
    "fields": {
        "name": "Can change recepcionista",
        "content_type": 15,
        "codename": "change_recepcionista"
    }
},
{
    "model": "auth.permission",
    "pk": 59,
    "fields": {
        "name": "Can delete recepcionista",
        "content_type": 15,
        "codename": "delete_recepcionista"
    }
},
{
    "model": "auth.permission",
    "pk": 60,
    "fields": {
        "name": "Can view recepcionista",
        "content_type": 15,
        "codename": "view_recepcionista"
    }
},
{
    "model": "auth.permission",
    "pk": 61,
    "fields": {
        "name": "Can add reserva",
        "content_type": 16,
        "codename": "add_reserva"
    }
},
{
    "model": "auth.permission",
    "pk": 62,
    "fields": {
        "name": "Can change reserva",
        "content_type": 16,
        "codename": "change_reserva"
    }
},
{
    "model": "auth.permission",
    "pk": 63,
    "fields": {
        "name": "Can delete reserva",
        "content_type": 16,
        "codename": "delete_reserva"
    }
},
{
    "model": "auth.permission",
    "pk": 64,
    "fields": {
        "name": "Can view reserva",
        "content_type": 16,
        "codename": "view_reserva"
    }
},
{
    "model": "auth.permission",
    "pk": 65,
    "fields": {
        "name": "Can add reserva extras",
        "content_type": 17,
        "codename": "add_reservaextras"
    }
},
{
    "model": "auth.permission",
    "pk": 66,
    "fields": {
        "name": "Can change reserva extras",
        "content_type": 17,
        "codename": "change_reservaextras"
    }
},
{
    "model": "auth.permission",
    "pk": 67,
    "fields": {
        "name": "Can delete reserva extras",
        "content_type": 17,
        "codename": "delete_reservaextras"
    }
},
{
    "model": "auth.permission",
    "pk": 68,
    "fields": {
        "name": "Can view reserva extras",
        "content_type": 17,
        "codename": "view_reservaextras"
    }
},
{
    "model": "auth.permission",
    "pk": 69,
    "fields": {
        "name": "Can add factura",
        "content_type": 18,
        "codename": "add_factura"
    }
},
{
    "model": "auth.permission",
    "pk": 70,
    "fields": {
        "name": "Can change factura",
        "content_type": 18,
        "codename": "change_factura"
    }
},
{
    "model": "auth.permission",
    "pk": 71,
    "fields": {
        "name": "Can delete factura",
        "content_type": 18,
        "codename": "delete_factura"
    }
},
{
    "model": "auth.permission",
    "pk": 72,
    "fields": {
        "name": "Can view factura",
        "content_type": 18,
        "codename": "view_factura"
    }
},
{
    "model": "auth.permission",
    "pk": 73,
    "fields": {
        "name": "Can add vehiculo",
        "content_type": 19,
        "codename": "add_vehiculo"
    }
},
{
    "model": "auth.permission",
    "pk": 74,
    "fields": {
        "name": "Can change vehiculo",
        "content_type": 19,
        "codename": "change_vehiculo"
    }
},
{
    "model": "auth.permission",
    "pk": 75,
    "fields": {
        "name": "Can delete vehiculo",
        "content_type": 19,
        "codename": "delete_vehiculo"
    }
},
{
    "model": "auth.permission",
    "pk": 76,
    "fields": {
        "name": "Can view vehiculo",
        "content_type": 19,
        "codename": "view_vehiculo"
    }
},
{
    "model": "contenttypes.contenttype",
    "pk": 1,
    "fields": {
        "app_label": "admin",
        "model": "logentry"
    }
},
{
    "model": "contenttypes.contenttype",
    "pk": 2,
    "fields": {
        "app_label": "auth",
        "model": "permission"
    }
},
{
    "model": "contenttypes.contenttype",
    "pk": 3,
    "fields": {
        "app_label": "auth",
        "model": "group"
    }
},
{
    "model": "contenttypes.contenttype",
    "pk": 4,
    "fields": {
        "app_label": "auth",
        "model": "user"
    }
},
{
    "model": "contenttypes.contenttype",
    "pk": 5,
    "fields": {
        "app_label": "contenttypes",
        "model": "contenttype"
    }
},
{
    "model": "contenttypes.contenttype",
    "pk": 6,
    "fields": {
        "app_label": "sessions",
        "model": "session"
    }
},
{
    "model": "contenttypes.contenttype",
    "pk": 7,
    "fields": {
        "app_label": "camping",
        "model": "actividad"
    }
},
{
    "model": "contenttypes.contenttype",
    "pk": 8,
    "fields": {
        "app_label": "camping",
        "model": "camping"
    }
},
{
    "model": "contenttypes.contenttype",
    "pk": 9,
    "fields": {
        "app_label": "camping",
        "model": "perfilusuario"
    }
},
{
    "model": "contenttypes.contenttype",
    "pk": 10,
    "fields": {
        "app_label": "camping",
        "model": "persona"
    }
},
{
    "model": "contenttypes.contenttype",
    "pk": 11,
    "fields": {
        "app_label": "camping",
        "model": "serviciosextra"
    }
},
{
    "model": "contenttypes.contenttype",
    "pk": 12,
    "fields": {
        "app_label": "camping",
        "model": "parcela"
    }
},
{
    "model": "contenttypes.contenttype",
    "pk": 13,
    "fields": {
        "app_label": "camping",
        "model": "cuidador"
    }
},
{
    "model": "contenttypes.contenttype",
    "pk": 14,
    "fields": {
        "app_label": "camping",
        "model": "cliente"
    }
},
{
    "model": "contenttypes.contenttype",
    "pk": 15,
    "fields": {
        "app_label": "camping",
        "model": "recepcionista"
    }
},
{
    "model": "contenttypes.contenttype",
    "pk": 16,
    "fields": {
        "app_label": "camping",
        "model": "reserva"
    }
},
{
    "model": "contenttypes.contenttype",
    "pk": 17,
    "fields": {
        "app_label": "camping",
        "model": "reservaextras"
    }
},
{
    "model": "contenttypes.contenttype",
    "pk": 18,
    "fields": {
        "app_label": "camping",
        "model": "factura"
    }
},
{
    "model": "contenttypes.contenttype",
    "pk": 19,
    "fields": {
        "app_label": "camping",
        "model": "vehiculo"
    }
},
{
    "model": "camping.persona",
    "pk": 1,
    "fields": {
        "nombre": "AgustÝn",
        "apellido": "PagÞs",
        "dni": "05872658E",
        "fecha_nacimiento": "1935-02-09",
        "email": "florinagomis@example.com",
        "telefono": "+34 933 574 929"
    }
},
{
    "model": "camping.persona",
    "pk": 2,
    "fields": {
        "nombre": "Humberto",
        "apellido": "Garcia",
        "dni": "39714339D",
        "fecha_nacimiento": "1925-12-10",
        "email": "norozco@example.net",
        "telefono": "+34973317612"
    }
},
{
    "model": "camping.persona",
    "pk": 3,
    "fields": {
        "nombre": "Alonso",
        "apellido": "GimÚnez",
        "dni": "52854098Y",
        "fecha_nacimiento": "1936-07-15",
        "email": "ctenorio@example.org",
        "telefono": "+34845113030"
    }
},
{
    "model": "camping.persona",
    "pk": 4,
    "fields": {
        "nombre": "Mauricio",
        "apellido": "Romero",
        "dni": "30472357W",
        "fecha_nacimiento": "1947-06-13",
        "email": "aparicioguadalupe@example.com",
        "telefono": "+34 875 16 93 46"
    }
},
{
    "model": "camping.persona",
    "pk": 5,
    "fields": {
        "nombre": "Isidora",
        "apellido": "Huertas",
        "dni": "71438182K",
        "fecha_nacimiento": "1972-04-27",
        "email": "iboada@example.net",
        "telefono": "+34986317134"
    }
},
{
    "model": "camping.persona",
    "pk": 6,
    "fields": {
        "nombre": "Esteban",
        "apellido": "Velßzquez",
        "dni": "29294397X",
        "fecha_nacimiento": "1950-06-12",
        "email": "juan-antonioyuste@example.com",
        "telefono": "+34 874 993 010"
    }
},
{
    "model": "camping.persona",
    "pk": 7,
    "fields": {
        "nombre": "Odalis",
        "apellido": "Giralt",
        "dni": "20241845M",
        "fecha_nacimiento": "1977-09-08",
        "email": "lucio36@example.net",
        "telefono": "+34 878726863"
    }
},
{
    "model": "camping.persona",
    "pk": 8,
    "fields": {
        "nombre": "Ana BelÚn",
        "apellido": "Acosta",
        "dni": "21562582J",
        "fecha_nacimiento": "1990-08-01",
        "email": "vpuente@example.net",
        "telefono": "+34 881 82 33 62"
    }
},
{
    "model": "camping.persona",
    "pk": 9,
    "fields": {
        "nombre": "Lorenza",
        "apellido": "Sebastißn",
        "dni": "84800950L",
        "fecha_nacimiento": "1972-11-05",
        "email": "damian16@example.org",
        "telefono": "+34 880 559 529"
    }
},
{
    "model": "camping.persona",
    "pk": 10,
    "fields": {
        "nombre": "Leonardo",
        "apellido": "Mendizßbal",
        "dni": "12216391X",
        "fecha_nacimiento": "1937-03-08",
        "email": "suarezfanny@example.com",
        "telefono": "+34 875334221"
    }
},
{
    "model": "camping.persona",
    "pk": 11,
    "fields": {
        "nombre": "Pedro",
        "apellido": "Nogueira",
        "dni": "62485471Z",
        "fecha_nacimiento": "1930-12-15",
        "email": "mvazquez@example.org",
        "telefono": "+34 849276476"
    }
},
{
    "model": "camping.persona",
    "pk": 12,
    "fields": {
        "nombre": "Juan JosÚ",
        "apellido": "CortÚs",
        "dni": "28190854F",
        "fecha_nacimiento": "1947-10-20",
        "email": "luisa52@example.net",
        "telefono": "+34 901 898 666"
    }
},
{
    "model": "camping.persona",
    "pk": 13,
    "fields": {
        "nombre": "Amelia",
        "apellido": "Segura",
        "dni": "52723787J",
        "fecha_nacimiento": "1939-03-24",
        "email": "botellamarino@example.org",
        "telefono": "+34 948 679 421"
    }
},
{
    "model": "camping.persona",
    "pk": 14,
    "fields": {
        "nombre": "Chus",
        "apellido": "Escudero",
        "dni": "70119908S",
        "fecha_nacimiento": "1947-08-28",
        "email": "maitebadia@example.net",
        "telefono": "+34 981175296"
    }
},
{
    "model": "camping.persona",
    "pk": 15,
    "fields": {
        "nombre": "Fito",
        "apellido": "Ropero",
        "dni": "47108618H",
        "fecha_nacimiento": "2002-12-23",
        "email": "msaura@example.net",
        "telefono": "+34 980015114"
    }
},
{
    "model": "camping.persona",
    "pk": 16,
    "fields": {
        "nombre": "Ariel",
        "apellido": "Tenorio",
        "dni": "91140661X",
        "fecha_nacimiento": "1954-02-06",
        "email": "haroldohoz@example.net",
        "telefono": "+34871 898 456"
    }
},
{
    "model": "camping.persona",
    "pk": 17,
    "fields": {
        "nombre": "Clemente",
        "apellido": "Clemente",
        "dni": "07668297M",
        "fecha_nacimiento": "1965-08-30",
        "email": "enriquepineda@example.org",
        "telefono": "+34941133815"
    }
},
{
    "model": "camping.persona",
    "pk": 18,
    "fields": {
        "nombre": "Bernardita",
        "apellido": "Iglesias",
        "dni": "54309994W",
        "fecha_nacimiento": "1955-09-08",
        "email": "jsilva@example.com",
        "telefono": "+34879 091 569"
    }
},
{
    "model": "camping.persona",
    "pk": 19,
    "fields": {
        "nombre": "Abilio",
        "apellido": "Bustamante",
        "dni": "92385670Y",
        "fecha_nacimiento": "1992-01-23",
        "email": "sernaliliana@example.org",
        "telefono": "+34 949858059"
    }
},
{
    "model": "camping.persona",
    "pk": 20,
    "fields": {
        "nombre": "JosÚ MarÝa",
        "apellido": "Pujol",
        "dni": "23931108E",
        "fecha_nacimiento": "1945-09-22",
        "email": "pellicervictor-manuel@example.net",
        "telefono": "+34 944785469"
    }
},
{
    "model": "camping.persona",
    "pk": 21,
    "fields": {
        "nombre": "Bautista",
        "apellido": "Nogueira",
        "dni": "23391289J",
        "fecha_nacimiento": "1940-10-04",
        "email": "mireiafiol@example.net",
        "telefono": "+34704794062"
    }
},
{
    "model": "camping.persona",
    "pk": 22,
    "fields": {
        "nombre": "Cßndida",
        "apellido": "Requena",
        "dni": "27411672L",
        "fecha_nacimiento": "2019-10-06",
        "email": "imontoya@example.com",
        "telefono": "+34 871 515 319"
    }
},
{
    "model": "camping.persona",
    "pk": 23,
    "fields": {
        "nombre": "Eutimio",
        "apellido": "Sans",
        "dni": "27382282T",
        "fecha_nacimiento": "1951-06-23",
        "email": "crescenciainiguez@example.com",
        "telefono": "+34943001244"
    }
},
{
    "model": "camping.persona",
    "pk": 24,
    "fields": {
        "nombre": "Inocencio",
        "apellido": "┴guila",
        "dni": "46884265F",
        "fecha_nacimiento": "1938-11-09",
        "email": "ricoarribas@example.org",
        "telefono": "+34701 251 913"
    }
},
{
    "model": "camping.persona",
    "pk": 25,
    "fields": {
        "nombre": "Ezequiel",
        "apellido": "L¾pez",
        "dni": "34303117C",
        "fecha_nacimiento": "1942-01-21",
        "email": "tcasal@example.net",
        "telefono": "+34 800289781"
    }
},
{
    "model": "camping.persona",
    "pk": 26,
    "fields": {
        "nombre": "Lilia",
        "apellido": "Tur",
        "dni": "77637391V",
        "fecha_nacimiento": "1958-07-14",
        "email": "balduino73@example.com",
        "telefono": "+34 941 49 17 39"
    }
},
{
    "model": "camping.persona",
    "pk": 27,
    "fields": {
        "nombre": "Rosalina",
        "apellido": "Mata",
        "dni": "83578179C",
        "fecha_nacimiento": "1953-12-15",
        "email": "scarrera@example.com",
        "telefono": "+34 876633797"
    }
},
{
    "model": "camping.persona",
    "pk": 28,
    "fields": {
        "nombre": "Carmelita",
        "apellido": "Gasc¾n",
        "dni": "03170062H",
        "fecha_nacimiento": "1941-06-11",
        "email": "rnavas@example.net",
        "telefono": "+34 945 80 67 95"
    }
},
{
    "model": "camping.persona",
    "pk": 29,
    "fields": {
        "nombre": "Gabriela",
        "apellido": "Gallo",
        "dni": "09816102R",
        "fecha_nacimiento": "1982-07-01",
        "email": "rzabaleta@example.org",
        "telefono": "+34977 018 587"
    }
},
{
    "model": "camping.persona",
    "pk": 30,
    "fields": {
        "nombre": "Eva",
        "apellido": "JaÚn",
        "dni": "08385249R",
        "fecha_nacimiento": "1994-05-08",
        "email": "sanchosalva@example.net",
        "telefono": "+34 984 449 309"
    }
},
{
    "model": "camping.persona",
    "pk": 31,
    "fields": {
        "nombre": "Guiomar",
        "apellido": "Marti",
        "dni": "68947147R",
        "fecha_nacimiento": "2008-07-20",
        "email": "santosminguez@example.net",
        "telefono": "+34875 408 002"
    }
},
{
    "model": "camping.persona",
    "pk": 32,
    "fields": {
        "nombre": "Cebrißn",
        "apellido": "Garriga",
        "dni": "03655129S",
        "fecha_nacimiento": "1928-04-23",
        "email": "victorinoferrera@example.com",
        "telefono": "+34828 967 064"
    }
},
{
    "model": "camping.persona",
    "pk": 33,
    "fields": {
        "nombre": "Noa",
        "apellido": "Carri¾n",
        "dni": "26019017Z",
        "fecha_nacimiento": "1961-06-02",
        "email": "nevadoazahar@example.org",
        "telefono": "+34981 854 299"
    }
},
{
    "model": "camping.persona",
    "pk": 34,
    "fields": {
        "nombre": "Benigna",
        "apellido": "Sßez",
        "dni": "15512503S",
        "fecha_nacimiento": "1976-03-05",
        "email": "mbarcelo@example.com",
        "telefono": "+34974 62 46 72"
    }
},
{
    "model": "camping.persona",
    "pk": 35,
    "fields": {
        "nombre": "Carmela",
        "apellido": "Gonzalo",
        "dni": "34135803P",
        "fecha_nacimiento": "1979-09-26",
        "email": "herreroluis@example.com",
        "telefono": "+34807257702"
    }
},
{
    "model": "camping.persona",
    "pk": 36,
    "fields": {
        "nombre": "Maxi",
        "apellido": "Segarra",
        "dni": "28010210M",
        "fecha_nacimiento": "2014-09-15",
        "email": "tpalomares@example.org",
        "telefono": "+34 649 260 510"
    }
},
{
    "model": "camping.persona",
    "pk": 37,
    "fields": {
        "nombre": "Delfina",
        "apellido": "Sainz",
        "dni": "34518774Y",
        "fecha_nacimiento": "2002-08-22",
        "email": "viviana15@example.com",
        "telefono": "+34 884 587 186"
    }
},
{
    "model": "camping.persona",
    "pk": 38,
    "fields": {
        "nombre": "Eustaquio",
        "apellido": "ElÝas",
        "dni": "27366505R",
        "fecha_nacimiento": "1964-03-08",
        "email": "quevedocarlito@example.net",
        "telefono": "+34 844820018"
    }
},
{
    "model": "camping.persona",
    "pk": 39,
    "fields": {
        "nombre": "Isidora",
        "apellido": "Beltran",
        "dni": "94846250T",
        "fecha_nacimiento": "1937-11-09",
        "email": "tejadacruz@example.com",
        "telefono": "+34844614944"
    }
},
{
    "model": "camping.persona",
    "pk": 40,
    "fields": {
        "nombre": "PacÝfica",
        "apellido": "Vega",
        "dni": "48247017D",
        "fecha_nacimiento": "2001-10-03",
        "email": "ccozar@example.net",
        "telefono": "+34 874 03 76 24"
    }
},
{
    "model": "camping.persona",
    "pk": 41,
    "fields": {
        "nombre": "Bonifacio",
        "apellido": "Espejo",
        "dni": "88029942H",
        "fecha_nacimiento": "1929-04-23",
        "email": "cozarmonica@example.org",
        "telefono": "+34 882 95 87 54"
    }
},
{
    "model": "camping.persona",
    "pk": 42,
    "fields": {
        "nombre": "Roque",
        "apellido": "ValdÚs",
        "dni": "28796630D",
        "fecha_nacimiento": "1959-05-04",
        "email": "fernandobello@example.net",
        "telefono": "+34722 04 42 14"
    }
},
{
    "model": "camping.persona",
    "pk": 43,
    "fields": {
        "nombre": "Mireia",
        "apellido": "J¾dar",
        "dni": "13011137Z",
        "fecha_nacimiento": "1973-12-12",
        "email": "arranzrodrigo@example.org",
        "telefono": "+34 873653818"
    }
},
{
    "model": "camping.persona",
    "pk": 44,
    "fields": {
        "nombre": "Arturo",
        "apellido": "Alfonso",
        "dni": "01914784B",
        "fecha_nacimiento": "2019-11-08",
        "email": "flora99@example.net",
        "telefono": "+34 972 62 95 33"
    }
},
{
    "model": "camping.persona",
    "pk": 45,
    "fields": {
        "nombre": "Nayara",
        "apellido": "Pablo",
        "dni": "58032863E",
        "fecha_nacimiento": "1940-08-11",
        "email": "aposada@example.org",
        "telefono": "+34 925 18 07 05"
    }
},
{
    "model": "camping.persona",
    "pk": 46,
    "fields": {
        "nombre": "Nayara",
        "apellido": "Clavero",
        "dni": "87109430N",
        "fecha_nacimiento": "1968-08-28",
        "email": "remigiotirado@example.com",
        "telefono": "+34 949096175"
    }
},
{
    "model": "camping.persona",
    "pk": 47,
    "fields": {
        "nombre": "Armando",
        "apellido": "Parejo",
        "dni": "99469378J",
        "fecha_nacimiento": "1928-10-29",
        "email": "higuerasregulo@example.net",
        "telefono": "+34 800 37 55 77"
    }
},
{
    "model": "camping.persona",
    "pk": 48,
    "fields": {
        "nombre": "Maricruz",
        "apellido": "Cobo",
        "dni": "96764341Y",
        "fecha_nacimiento": "2019-01-09",
        "email": "andreaarjona@example.com",
        "telefono": "+34 948 813 007"
    }
},
{
    "model": "camping.persona",
    "pk": 49,
    "fields": {
        "nombre": "Reyes",
        "apellido": "Osorio",
        "dni": "21442214G",
        "fecha_nacimiento": "1992-01-13",
        "email": "dcortina@example.net",
        "telefono": "+34901 46 12 40"
    }
},
{
    "model": "camping.persona",
    "pk": 50,
    "fields": {
        "nombre": "Gracia",
        "apellido": "Daza",
        "dni": "43161313L",
        "fecha_nacimiento": "1962-10-01",
        "email": "inigo84@example.com",
        "telefono": "+34 640 167 909"
    }
},
{
    "model": "camping.persona",
    "pk": 51,
    "fields": {
        "nombre": "Poncio",
        "apellido": "Pineda",
        "dni": "38183719Q",
        "fecha_nacimiento": "2023-12-13",
        "email": "jgracia@example.com",
        "telefono": "+34 876 14 01 04"
    }
},
{
    "model": "camping.persona",
    "pk": 52,
    "fields": {
        "nombre": "CirÝaco",
        "apellido": "Barrena",
        "dni": "03059636S",
        "fecha_nacimiento": "1954-09-20",
        "email": "nandomarti@example.net",
        "telefono": "+34 916 739 065"
    }
},
{
    "model": "camping.persona",
    "pk": 53,
    "fields": {
        "nombre": "Omar",
        "apellido": "Bermudez",
        "dni": "23032561Q",
        "fecha_nacimiento": "1954-03-21",
        "email": "gamezflorinda@example.org",
        "telefono": "+34 922 177 318"
    }
},
{
    "model": "camping.persona",
    "pk": 54,
    "fields": {
        "nombre": "Jacinto",
        "apellido": "Rebollo",
        "dni": "62066619S",
        "fecha_nacimiento": "2004-10-31",
        "email": "felipe74@example.net",
        "telefono": "+34 900652643"
    }
},
{
    "model": "camping.persona",
    "pk": 55,
    "fields": {
        "nombre": "Chita",
        "apellido": "Tamarit",
        "dni": "47551294J",
        "fecha_nacimiento": "1928-07-23",
        "email": "ingridvara@example.com",
        "telefono": "+34803 81 17 17"
    }
},
{
    "model": "camping.persona",
    "pk": 56,
    "fields": {
        "nombre": "Sara",
        "apellido": "Cuenca",
        "dni": "98694794T",
        "fecha_nacimiento": "1987-02-12",
        "email": "miriamherranz@example.org",
        "telefono": "+34879592767"
    }
},
{
    "model": "camping.persona",
    "pk": 57,
    "fields": {
        "nombre": "Porfirio",
        "apellido": "Sans",
        "dni": "28646603B",
        "fecha_nacimiento": "1940-04-19",
        "email": "lpinilla@example.org",
        "telefono": "+34 981 98 09 29"
    }
},
{
    "model": "camping.persona",
    "pk": 58,
    "fields": {
        "nombre": "Duilio",
        "apellido": "Blasco",
        "dni": "94160055X",
        "fecha_nacimiento": "1958-11-14",
        "email": "teodosiocabanillas@example.net",
        "telefono": "+34922 227 672"
    }
},
{
    "model": "camping.persona",
    "pk": 59,
    "fields": {
        "nombre": "JosuÚ",
        "apellido": "Ariza",
        "dni": "75736352C",
        "fecha_nacimiento": "2010-03-15",
        "email": "ana-sofia14@example.net",
        "telefono": "+34 843 84 68 55"
    }
},
{
    "model": "camping.persona",
    "pk": 60,
    "fields": {
        "nombre": "Reynaldo",
        "apellido": "Rocamora",
        "dni": "14218577T",
        "fecha_nacimiento": "1945-11-20",
        "email": "felicidad88@example.com",
        "telefono": "+34 873957301"
    }
},
{
    "model": "camping.perfilusuario",
    "pk": 1,
    "fields": {
        "datos_usuario": 1,
        "username": "dcarmona",
        "password": "SW$RtzRi&2",
        "es_staff": false,
        "rol": "",
        "fecha_registro": "2025-11-05T22:30:23.527Z"
    }
},
{
    "model": "camping.perfilusuario",
    "pk": 2,
    "fields": {
        "datos_usuario": 2,
        "username": "graciaeva",
        "password": "4VBxLDqr##",
        "es_staff": false,
        "rol": "",
        "fecha_registro": "2025-11-05T22:30:23.574Z"
    }
},
{
    "model": "camping.perfilusuario",
    "pk": 3,
    "fields": {
        "datos_usuario": 3,
        "username": "jelorza",
        "password": "S*G$M2CaxE",
        "es_staff": false,
        "rol": "",
        "fecha_registro": "2025-11-05T22:30:23.622Z"
    }
},
{
    "model": "camping.perfilusuario",
    "pk": 4,
    "fields": {
        "datos_usuario": 4,
        "username": "inigocasado",
        "password": ")0GZ_PoF%j",
        "es_staff": true,
        "rol": "",
        "fecha_registro": "2025-11-05T22:30:23.670Z"
    }
},
{
    "model": "camping.perfilusuario",
    "pk": 5,
    "fields": {
        "datos_usuario": 5,
        "username": "benitezlorenzo",
        "password": "%yixQar3Y0",
        "es_staff": false,
        "rol": "",
        "fecha_registro": "2025-11-05T22:30:23.718Z"
    }
},
{
    "model": "camping.perfilusuario",
    "pk": 6,
    "fields": {
        "datos_usuario": 6,
        "username": "nhuertas",
        "password": "F5qwAPou&U",
        "es_staff": false,
        "rol": "",
        "fecha_registro": "2025-11-05T22:30:23.766Z"
    }
},
{
    "model": "camping.perfilusuario",
    "pk": 7,
    "fields": {
        "datos_usuario": 7,
        "username": "ychacon",
        "password": "%tct$3AlTW",
        "es_staff": false,
        "rol": "",
        "fecha_registro": "2025-11-05T22:30:23.814Z"
    }
},
{
    "model": "camping.perfilusuario",
    "pk": 8,
    "fields": {
        "datos_usuario": 8,
        "username": "salgadocelestina",
        "password": "_$0kBvwT@y",
        "es_staff": false,
        "rol": "",
        "fecha_registro": "2025-11-05T22:30:23.862Z"
    }
},
{
    "model": "camping.perfilusuario",
    "pk": 9,
    "fields": {
        "datos_usuario": 9,
        "username": "ramiro79",
        "password": ")a3K@&bw0d",
        "es_staff": false,
        "rol": "",
        "fecha_registro": "2025-11-05T22:30:23.910Z"
    }
},
{
    "model": "camping.perfilusuario",
    "pk": 10,
    "fields": {
        "datos_usuario": 10,
        "username": "mohamed94",
        "password": "J$50ZrUem%",
        "es_staff": true,
        "rol": "",
        "fecha_registro": "2025-11-05T22:30:23.958Z"
    }
},
{
    "model": "camping.perfilusuario",
    "pk": 11,
    "fields": {
        "datos_usuario": 11,
        "username": "batllebenjamin",
        "password": "(ySYY5Yy5D",
        "es_staff": true,
        "rol": "",
        "fecha_registro": "2025-11-05T22:30:24.006Z"
    }
},
{
    "model": "camping.perfilusuario",
    "pk": 12,
    "fields": {
        "datos_usuario": 12,
        "username": "alerico",
        "password": "$P3mhBj5O2",
        "es_staff": true,
        "rol": "",
        "fecha_registro": "2025-11-05T22:30:24.054Z"
    }
},
{
    "model": "camping.perfilusuario",
    "pk": 13,
    "fields": {
        "datos_usuario": 13,
        "username": "valenciayolanda",
        "password": "(l3S5HdmE1",
        "es_staff": true,
        "rol": "",
        "fecha_registro": "2025-11-05T22:30:24.102Z"
    }
},
{
    "model": "camping.perfilusuario",
    "pk": 14,
    "fields": {
        "datos_usuario": 14,
        "username": "virgilio38",
        "password": "5*@Gty!__f",
        "es_staff": true,
        "rol": "",
        "fecha_registro": "2025-11-05T22:30:24.150Z"
    }
},
{
    "model": "camping.perfilusuario",
    "pk": 15,
    "fields": {
        "datos_usuario": 15,
        "username": "usaura",
        "password": "5G^r1uZpp4",
        "es_staff": false,
        "rol": "",
        "fecha_registro": "2025-11-05T22:30:24.198Z"
    }
},
{
    "model": "camping.perfilusuario",
    "pk": 16,
    "fields": {
        "datos_usuario": 16,
        "username": "villenaroxana",
        "password": "5w!03Km75R",
        "es_staff": false,
        "rol": "",
        "fecha_registro": "2025-11-05T22:30:36.617Z"
    }
},
{
    "model": "camping.perfilusuario",
    "pk": 17,
    "fields": {
        "datos_usuario": 17,
        "username": "felisa77",
        "password": "Z#h+Qc)w@0",
        "es_staff": false,
        "rol": "",
        "fecha_registro": "2025-11-05T22:30:36.662Z"
    }
},
{
    "model": "camping.perfilusuario",
    "pk": 18,
    "fields": {
        "datos_usuario": 18,
        "username": "javieradonoso",
        "password": "U5aV02Vg@T",
        "es_staff": false,
        "rol": "",
        "fecha_registro": "2025-11-05T22:30:36.710Z"
    }
},
{
    "model": "camping.perfilusuario",
    "pk": 19,
    "fields": {
        "datos_usuario": 19,
        "username": "nazario36",
        "password": "fd%6fKWq3i",
        "es_staff": true,
        "rol": "",
        "fecha_registro": "2025-11-05T22:30:36.758Z"
    }
},
{
    "model": "camping.perfilusuario",
    "pk": 20,
    "fields": {
        "datos_usuario": 20,
        "username": "maria-pilarroman",
        "password": "$4mSCOy59V",
        "es_staff": true,
        "rol": "",
        "fecha_registro": "2025-11-05T22:30:36.806Z"
    }
},
{
    "model": "camping.perfilusuario",
    "pk": 21,
    "fields": {
        "datos_usuario": 21,
        "username": "azucena45",
        "password": "N9kRvt78%R",
        "es_staff": false,
        "rol": "",
        "fecha_registro": "2025-11-05T22:30:36.854Z"
    }
},
{
    "model": "camping.perfilusuario",
    "pk": 22,
    "fields": {
        "datos_usuario": 22,
        "username": "luispla",
        "password": "PhJ73vK!)2",
        "es_staff": false,
        "rol": "",
        "fecha_registro": "2025-11-05T22:30:36.902Z"
    }
},
{
    "model": "camping.perfilusuario",
    "pk": 23,
    "fields": {
        "datos_usuario": 23,
        "username": "bellojulio-cesar",
        "password": "*BOZk5fq3K",
        "es_staff": true,
        "rol": "",
        "fecha_registro": "2025-11-05T22:30:36.950Z"
    }
},
{
    "model": "camping.perfilusuario",
    "pk": 24,
    "fields": {
        "datos_usuario": 24,
        "username": "evita84",
        "password": "FO43MUb6(1",
        "es_staff": true,
        "rol": "",
        "fecha_registro": "2025-11-05T22:30:36.998Z"
    }
},
{
    "model": "camping.perfilusuario",
    "pk": 25,
    "fields": {
        "datos_usuario": 25,
        "username": "ocampillo",
        "password": "TGd_5Secmy",
        "es_staff": false,
        "rol": "",
        "fecha_registro": "2025-11-05T22:30:37.046Z"
    }
},
{
    "model": "camping.perfilusuario",
    "pk": 26,
    "fields": {
        "datos_usuario": 26,
        "username": "lcarpio",
        "password": "_6NRx@12lw",
        "es_staff": false,
        "rol": "",
        "fecha_registro": "2025-11-05T22:30:37.094Z"
    }
},
{
    "model": "camping.perfilusuario",
    "pk": 27,
    "fields": {
        "datos_usuario": 27,
        "username": "xiomaraburgos",
        "password": "&54WKuQB$p",
        "es_staff": false,
        "rol": "",
        "fecha_registro": "2025-11-05T22:30:37.142Z"
    }
},
{
    "model": "camping.perfilusuario",
    "pk": 28,
    "fields": {
        "datos_usuario": 28,
        "username": "andresmateo",
        "password": "pZ9J#*Wf_u",
        "es_staff": true,
        "rol": "",
        "fecha_registro": "2025-11-05T22:30:37.190Z"
    }
},
{
    "model": "camping.perfilusuario",
    "pk": 29,
    "fields": {
        "datos_usuario": 29,
        "username": "nicolas72",
        "password": "23I+0Upnra",
        "es_staff": false,
        "rol": "",
        "fecha_registro": "2025-11-05T22:30:37.238Z"
    }
},
{
    "model": "camping.perfilusuario",
    "pk": 30,
    "fields": {
        "datos_usuario": 30,
        "username": "faustojulia",
        "password": "tX487TuK)4",
        "es_staff": true,
        "rol": "",
        "fecha_registro": "2025-11-05T22:30:37.286Z"
    }
},
{
    "model": "camping.perfilusuario",
    "pk": 31,
    "fields": {
        "datos_usuario": 31,
        "username": "pascualavillalonga",
        "password": "Y%98R8Qb9p",
        "es_staff": false,
        "rol": "",
        "fecha_registro": "2025-11-05T22:30:53.702Z"
    }
},
{
    "model": "camping.perfilusuario",
    "pk": 32,
    "fields": {
        "datos_usuario": 32,
        "username": "fzorrilla",
        "password": "_KG0bPjuAg",
        "es_staff": false,
        "rol": "",
        "fecha_registro": "2025-11-05T22:30:53.751Z"
    }
},
{
    "model": "camping.perfilusuario",
    "pk": 33,
    "fields": {
        "datos_usuario": 33,
        "username": "leonrebollo",
        "password": "$0xSRgI#p_",
        "es_staff": false,
        "rol": "",
        "fecha_registro": "2025-11-05T22:30:53.814Z"
    }
},
{
    "model": "camping.perfilusuario",
    "pk": 34,
    "fields": {
        "datos_usuario": 34,
        "username": "unevado",
        "password": "^wo4LOub@q",
        "es_staff": false,
        "rol": "",
        "fecha_registro": "2025-11-05T22:30:53.862Z"
    }
},
{
    "model": "camping.perfilusuario",
    "pk": 35,
    "fields": {
        "datos_usuario": 35,
        "username": "ollerlazaro",
        "password": "#xr+6_KeQ)",
        "es_staff": true,
        "rol": "",
        "fecha_registro": "2025-11-05T22:30:53.910Z"
    }
},
{
    "model": "camping.perfilusuario",
    "pk": 36,
    "fields": {
        "datos_usuario": 36,
        "username": "nicanor62",
        "password": "^pY6MxwC+L",
        "es_staff": false,
        "rol": "",
        "fecha_registro": "2025-11-05T22:30:53.958Z"
    }
},
{
    "model": "camping.perfilusuario",
    "pk": 37,
    "fields": {
        "datos_usuario": 37,
        "username": "florinamalo",
        "password": "!Fd9FVAxX*",
        "es_staff": false,
        "rol": "",
        "fecha_registro": "2025-11-05T22:30:54.006Z"
    }
},
{
    "model": "camping.perfilusuario",
    "pk": 38,
    "fields": {
        "datos_usuario": 38,
        "username": "montserratestefania",
        "password": "^pZin_E%M3",
        "es_staff": false,
        "rol": "",
        "fecha_registro": "2025-11-05T22:30:54.054Z"
    }
},
{
    "model": "camping.perfilusuario",
    "pk": 39,
    "fields": {
        "datos_usuario": 39,
        "username": "ciprianocosta",
        "password": "$z4sSGlw)$",
        "es_staff": false,
        "rol": "",
        "fecha_registro": "2025-11-05T22:30:54.102Z"
    }
},
{
    "model": "camping.perfilusuario",
    "pk": 40,
    "fields": {
        "datos_usuario": 40,
        "username": "guardiolatamara",
        "password": ")Xl3HOB%7o",
        "es_staff": false,
        "rol": "",
        "fecha_registro": "2025-11-05T22:30:54.150Z"
    }
},
{
    "model": "camping.perfilusuario",
    "pk": 41,
    "fields": {
        "datos_usuario": 41,
        "username": "odalis34",
        "password": ")O8XbPwqhA",
        "es_staff": false,
        "rol": "",
        "fecha_registro": "2025-11-05T22:30:54.198Z"
    }
},
{
    "model": "camping.perfilusuario",
    "pk": 42,
    "fields": {
        "datos_usuario": 42,
        "username": "lourdesguzman",
        "password": "T(49BRwv+t",
        "es_staff": false,
        "rol": "",
        "fecha_registro": "2025-11-05T22:30:54.246Z"
    }
},
{
    "model": "camping.perfilusuario",
    "pk": 43,
    "fields": {
        "datos_usuario": 43,
        "username": "lcasado",
        "password": "9i1Qz^ME6)",
        "es_staff": false,
        "rol": "",
        "fecha_registro": "2025-11-05T22:30:54.294Z"
    }
},
{
    "model": "camping.perfilusuario",
    "pk": 44,
    "fields": {
        "datos_usuario": 44,
        "username": "llorensgraciela",
        "password": "@vBhT7B0A9",
        "es_staff": false,
        "rol": "",
        "fecha_registro": "2025-11-05T22:30:54.342Z"
    }
},
{
    "model": "camping.perfilusuario",
    "pk": 45,
    "fields": {
        "datos_usuario": 45,
        "username": "valentin73",
        "password": "6v0ZXt%(^)",
        "es_staff": false,
        "rol": "",
        "fecha_registro": "2025-11-05T22:30:54.390Z"
    }
},
{
    "model": "camping.perfilusuario",
    "pk": 46,
    "fields": {
        "datos_usuario": 46,
        "username": "celestinacalderon",
        "password": "@823CH(vIG",
        "es_staff": false,
        "rol": "",
        "fecha_registro": "2025-11-05T22:31:09.846Z"
    }
},
{
    "model": "camping.perfilusuario",
    "pk": 47,
    "fields": {
        "datos_usuario": 47,
        "username": "julian30",
        "password": "LErXG)vr)2",
        "es_staff": true,
        "rol": "",
        "fecha_registro": "2025-11-05T22:31:09.894Z"
    }
},
{
    "model": "camping.perfilusuario",
    "pk": 48,
    "fields": {
        "datos_usuario": 48,
        "username": "acedojavi",
        "password": "++WYwyc19x",
        "es_staff": false,
        "rol": "",
        "fecha_registro": "2025-11-05T22:31:09.942Z"
    }
},
{
    "model": "camping.perfilusuario",
    "pk": 49,
    "fields": {
        "datos_usuario": 49,
        "username": "margarita90",
        "password": "z4*rRO*s#+",
        "es_staff": false,
        "rol": "",
        "fecha_registro": "2025-11-05T22:31:09.990Z"
    }
},
{
    "model": "camping.perfilusuario",
    "pk": 50,
    "fields": {
        "datos_usuario": 50,
        "username": "dafnerodrigo",
        "password": "@m1zU4vog2",
        "es_staff": true,
        "rol": "",
        "fecha_registro": "2025-11-05T22:31:10.038Z"
    }
},
{
    "model": "camping.perfilusuario",
    "pk": 51,
    "fields": {
        "datos_usuario": 51,
        "username": "ymesa",
        "password": "Pwe8Ls(w+U",
        "es_staff": false,
        "rol": "",
        "fecha_registro": "2025-11-05T22:31:10.086Z"
    }
},
{
    "model": "camping.perfilusuario",
    "pk": 52,
    "fields": {
        "datos_usuario": 52,
        "username": "seguiefrain",
        "password": "u#uxDAkr+5",
        "es_staff": false,
        "rol": "",
        "fecha_registro": "2025-11-05T22:31:10.134Z"
    }
},
{
    "model": "camping.perfilusuario",
    "pk": 53,
    "fields": {
        "datos_usuario": 53,
        "username": "heliodoro21",
        "password": "A84Ta^Cao@",
        "es_staff": false,
        "rol": "",
        "fecha_registro": "2025-11-05T22:31:10.198Z"
    }
},
{
    "model": "camping.perfilusuario",
    "pk": 54,
    "fields": {
        "datos_usuario": 54,
        "username": "dominga22",
        "password": "zG7Nzm*k+V",
        "es_staff": false,
        "rol": "",
        "fecha_registro": "2025-11-05T22:31:10.246Z"
    }
},
{
    "model": "camping.perfilusuario",
    "pk": 55,
    "fields": {
        "datos_usuario": 55,
        "username": "gilberto90",
        "password": "Bo7hY)PU+*",
        "es_staff": false,
        "rol": "",
        "fecha_registro": "2025-11-05T22:31:10.294Z"
    }
},
{
    "model": "camping.perfilusuario",
    "pk": 56,
    "fields": {
        "datos_usuario": 56,
        "username": "brublas",
        "password": "qc9Xx6aHC#",
        "es_staff": false,
        "rol": "",
        "fecha_registro": "2025-11-05T22:31:10.342Z"
    }
},
{
    "model": "camping.perfilusuario",
    "pk": 57,
    "fields": {
        "datos_usuario": 57,
        "username": "xpereira",
        "password": "_6@dL(v6vS",
        "es_staff": false,
        "rol": "",
        "fecha_registro": "2025-11-05T22:31:10.390Z"
    }
},
{
    "model": "camping.perfilusuario",
    "pk": 58,
    "fields": {
        "datos_usuario": 58,
        "username": "salomecoello",
        "password": "lA6MWUe##L",
        "es_staff": false,
        "rol": "",
        "fecha_registro": "2025-11-05T22:31:10.438Z"
    }
},
{
    "model": "camping.perfilusuario",
    "pk": 59,
    "fields": {
        "datos_usuario": 59,
        "username": "paola39",
        "password": "*1OAt+1&$!",
        "es_staff": false,
        "rol": "",
        "fecha_registro": "2025-11-05T22:31:10.486Z"
    }
},
{
    "model": "camping.perfilusuario",
    "pk": 60,
    "fields": {
        "datos_usuario": 60,
        "username": "estrella05",
        "password": "+1xSTHI8$q",
        "es_staff": false,
        "rol": "",
        "fecha_registro": "2025-11-05T22:31:10.534Z"
    }
},
{
    "model": "camping.recepcionista",
    "pk": 1,
    "fields": {
        "usuario": 10,
        "salario": "1119.85",
        "fecha_alta": "2025-09-20",
        "turno": "ta"
    }
},
{
    "model": "camping.recepcionista",
    "pk": 2,
    "fields": {
        "usuario": 11,
        "salario": "1342.16",
        "fecha_alta": "2025-04-24",
        "turno": "ma"
    }
},
{
    "model": "camping.recepcionista",
    "pk": 3,
    "fields": {
        "usuario": 12,
        "salario": "1949.20",
        "fecha_alta": "2025-08-11",
        "turno": "ma"
    }
},
{
    "model": "camping.recepcionista",
    "pk": 4,
    "fields": {
        "usuario": 19,
        "salario": "1495.40",
        "fecha_alta": "2025-08-22",
        "turno": "ta"
    }
},
{
    "model": "camping.recepcionista",
    "pk": 5,
    "fields": {
        "usuario": 23,
        "salario": "1392.90",
        "fecha_alta": "2025-04-12",
        "turno": "ma"
    }
},
{
    "model": "camping.cuidador",
    "pk": 1,
    "fields": {
        "usuario": 4,
        "especialidad": "TÚcnico de radiodifusi¾n y grabaci¾n audio visual",
        "disponible_de_noche": true,
        "puntuacion": 6
    }
},
{
    "model": "camping.cuidador",
    "pk": 2,
    "fields": {
        "usuario": 13,
        "especialidad": "EstadÝstico",
        "disponible_de_noche": false,
        "puntuacion": 4
    }
},
{
    "model": "camping.cuidador",
    "pk": 3,
    "fields": {
        "usuario": 14,
        "especialidad": "Ingeniero medioambiental",
        "disponible_de_noche": true,
        "puntuacion": 2
    }
},
{
    "model": "camping.cuidador",
    "pk": 4,
    "fields": {
        "usuario": 20,
        "especialidad": "Profesional de la salud y la higiene laboral y ambiental",
        "disponible_de_noche": true,
        "puntuacion": 10
    }
},
{
    "model": "camping.cuidador",
    "pk": 5,
    "fields": {
        "usuario": 24,
        "especialidad": "Urbanistas e ingenieros de trßnsito",
        "disponible_de_noche": false,
        "puntuacion": 6
    }
},
{
    "model": "camping.cuidador",
    "pk": 6,
    "fields": {
        "usuario": 28,
        "especialidad": "Practicante y asistente mÚdico",
        "disponible_de_noche": true,
        "puntuacion": 2
    }
},
{
    "model": "camping.cuidador",
    "pk": 7,
    "fields": {
        "usuario": 30,
        "especialidad": "FÝsico",
        "disponible_de_noche": true,
        "puntuacion": 2
    }
},
{
    "model": "camping.cuidador",
    "pk": 8,
    "fields": {
        "usuario": 35,
        "especialidad": "Profesional de nivel medio en actividades culturales y artÝsticas",
        "disponible_de_noche": true,
        "puntuacion": 9
    }
},
{
    "model": "camping.cuidador",
    "pk": 9,
    "fields": {
        "usuario": 47,
        "especialidad": "Conductor de autob·s",
        "disponible_de_noche": true,
        "puntuacion": 5
    }
},
{
    "model": "camping.cuidador",
    "pk": 10,
    "fields": {
        "usuario": 50,
        "especialidad": "Instalador y reparador de lÝneas elÚctricas",
        "disponible_de_noche": false,
        "puntuacion": 5
    }
},
{
    "model": "camping.cliente",
    "pk": 1,
    "fields": {
        "datos_cliente": 1,
        "numero_cuenta": "ES7057152446328259034091",
        "nacionalidad": "Spain",
        "acepta_publicidad": true
    }
},
{
    "model": "camping.cliente",
    "pk": 2,
    "fields": {
        "datos_cliente": 2,
        "numero_cuenta": "ES5168802278630176924816",
        "nacionalidad": "Spain",
        "acepta_publicidad": false
    }
},
{
    "model": "camping.cliente",
    "pk": 3,
    "fields": {
        "datos_cliente": 3,
        "numero_cuenta": "ES6370156900174041946585",
        "nacionalidad": "Spain",
        "acepta_publicidad": false
    }
},
{
    "model": "camping.cliente",
    "pk": 4,
    "fields": {
        "datos_cliente": 5,
        "numero_cuenta": "ES2262044958010218982691",
        "nacionalidad": "Spain",
        "acepta_publicidad": false
    }
},
{
    "model": "camping.cliente",
    "pk": 5,
    "fields": {
        "datos_cliente": 6,
        "numero_cuenta": "ES5551535837243586998158",
        "nacionalidad": "Spain",
        "acepta_publicidad": false
    }
},
{
    "model": "camping.cliente",
    "pk": 6,
    "fields": {
        "datos_cliente": 7,
        "numero_cuenta": "ES1695586321719856307245",
        "nacionalidad": "Spain",
        "acepta_publicidad": false
    }
},
{
    "model": "camping.cliente",
    "pk": 7,
    "fields": {
        "datos_cliente": 8,
        "numero_cuenta": "ES6128018561682463736594",
        "nacionalidad": "Spain",
        "acepta_publicidad": true
    }
},
{
    "model": "camping.cliente",
    "pk": 8,
    "fields": {
        "datos_cliente": 9,
        "numero_cuenta": "ES1229275901176162989845",
        "nacionalidad": "Spain",
        "acepta_publicidad": true
    }
},
{
    "model": "camping.cliente",
    "pk": 9,
    "fields": {
        "datos_cliente": 15,
        "numero_cuenta": "ES3173395039020311167670",
        "nacionalidad": "Spain",
        "acepta_publicidad": true
    }
},
{
    "model": "camping.cliente",
    "pk": 10,
    "fields": {
        "datos_cliente": 16,
        "numero_cuenta": "ES5700575005820341082932",
        "nacionalidad": "Spain",
        "acepta_publicidad": true
    }
},
{
    "model": "camping.cliente",
    "pk": 11,
    "fields": {
        "datos_cliente": 17,
        "numero_cuenta": "ES7498236025811646768542",
        "nacionalidad": "Spain",
        "acepta_publicidad": true
    }
},
{
    "model": "camping.cliente",
    "pk": 12,
    "fields": {
        "datos_cliente": 18,
        "numero_cuenta": "ES1390063364027110330992",
        "nacionalidad": "Spain",
        "acepta_publicidad": false
    }
},
{
    "model": "camping.cliente",
    "pk": 13,
    "fields": {
        "datos_cliente": 21,
        "numero_cuenta": "ES9019007899520567503366",
        "nacionalidad": "Spain",
        "acepta_publicidad": false
    }
},
{
    "model": "camping.cliente",
    "pk": 14,
    "fields": {
        "datos_cliente": 22,
        "numero_cuenta": "ES1287327544697543855113",
        "nacionalidad": "Spain",
        "acepta_publicidad": false
    }
},
{
    "model": "camping.cliente",
    "pk": 15,
    "fields": {
        "datos_cliente": 25,
        "numero_cuenta": "ES4157226152255760092944",
        "nacionalidad": "Spain",
        "acepta_publicidad": true
    }
},
{
    "model": "camping.cliente",
    "pk": 16,
    "fields": {
        "datos_cliente": 26,
        "numero_cuenta": "ES5956173332865471721214",
        "nacionalidad": "Spain",
        "acepta_publicidad": true
    }
},
{
    "model": "camping.cliente",
    "pk": 17,
    "fields": {
        "datos_cliente": 27,
        "numero_cuenta": "ES8536438492636081607815",
        "nacionalidad": "Spain",
        "acepta_publicidad": false
    }
},
{
    "model": "camping.cliente",
    "pk": 18,
    "fields": {
        "datos_cliente": 29,
        "numero_cuenta": "ES5470010085393133551808",
        "nacionalidad": "Spain",
        "acepta_publicidad": false
    }
},
{
    "model": "camping.cliente",
    "pk": 19,
    "fields": {
        "datos_cliente": 31,
        "numero_cuenta": "ES1907017306458086195084",
        "nacionalidad": "Spain",
        "acepta_publicidad": true
    }
},
{
    "model": "camping.cliente",
    "pk": 20,
    "fields": {
        "datos_cliente": 32,
        "numero_cuenta": "ES5859534647803956076583",
        "nacionalidad": "Spain",
        "acepta_publicidad": false
    }
},
{
    "model": "camping.cliente",
    "pk": 21,
    "fields": {
        "datos_cliente": 33,
        "numero_cuenta": "ES7754986178605646029229",
        "nacionalidad": "Spain",
        "acepta_publicidad": true
    }
},
{
    "model": "camping.cliente",
    "pk": 22,
    "fields": {
        "datos_cliente": 34,
        "numero_cuenta": "ES8135139894191038764286",
        "nacionalidad": "Spain",
        "acepta_publicidad": true
    }
},
{
    "model": "camping.cliente",
    "pk": 23,
    "fields": {
        "datos_cliente": 36,
        "numero_cuenta": "ES6053790548563365400954",
        "nacionalidad": "Spain",
        "acepta_publicidad": false
    }
},
{
    "model": "camping.cliente",
    "pk": 24,
    "fields": {
        "datos_cliente": 37,
        "numero_cuenta": "ES8007694356603832977036",
        "nacionalidad": "Spain",
        "acepta_publicidad": false
    }
},
{
    "model": "camping.cliente",
    "pk": 25,
    "fields": {
        "datos_cliente": 38,
        "numero_cuenta": "ES2644822482451557161903",
        "nacionalidad": "Spain",
        "acepta_publicidad": false
    }
},
{
    "model": "camping.cliente",
    "pk": 26,
    "fields": {
        "datos_cliente": 39,
        "numero_cuenta": "ES2396584168933554014366",
        "nacionalidad": "Spain",
        "acepta_publicidad": true
    }
},
{
    "model": "camping.cliente",
    "pk": 27,
    "fields": {
        "datos_cliente": 40,
        "numero_cuenta": "ES9234516232328570495219",
        "nacionalidad": "Spain",
        "acepta_publicidad": true
    }
},
{
    "model": "camping.cliente",
    "pk": 28,
    "fields": {
        "datos_cliente": 41,
        "numero_cuenta": "ES5934359979382573377863",
        "nacionalidad": "Spain",
        "acepta_publicidad": false
    }
},
{
    "model": "camping.cliente",
    "pk": 29,
    "fields": {
        "datos_cliente": 42,
        "numero_cuenta": "ES0513267393623057190671",
        "nacionalidad": "Spain",
        "acepta_publicidad": false
    }
},
{
    "model": "camping.cliente",
    "pk": 30,
    "fields": {
        "datos_cliente": 43,
        "numero_cuenta": "ES7975668927031706446164",
        "nacionalidad": "Spain",
        "acepta_publicidad": true
    }
},
{
    "model": "camping.cliente",
    "pk": 31,
    "fields": {
        "datos_cliente": 44,
        "numero_cuenta": "ES3413247115067385040979",
        "nacionalidad": "Spain",
        "acepta_publicidad": true
    }
},
{
    "model": "camping.cliente",
    "pk": 32,
    "fields": {
        "datos_cliente": 45,
        "numero_cuenta": "ES6222721360530806787771",
        "nacionalidad": "Spain",
        "acepta_publicidad": true
    }
},
{
    "model": "camping.cliente",
    "pk": 33,
    "fields": {
        "datos_cliente": 46,
        "numero_cuenta": "ES2353796763238846320472",
        "nacionalidad": "Spain",
        "acepta_publicidad": false
    }
},
{
    "model": "camping.cliente",
    "pk": 34,
    "fields": {
        "datos_cliente": 48,
        "numero_cuenta": "ES3767029421449107363483",
        "nacionalidad": "Spain",
        "acepta_publicidad": true
    }
},
{
    "model": "camping.cliente",
    "pk": 35,
    "fields": {
        "datos_cliente": 49,
        "numero_cuenta": "ES2110118640484972861098",
        "nacionalidad": "Spain",
        "acepta_publicidad": true
    }
},
{
    "model": "camping.cliente",
    "pk": 36,
    "fields": {
        "datos_cliente": 51,
        "numero_cuenta": "ES7975748925539997212768",
        "nacionalidad": "Spain",
        "acepta_publicidad": false
    }
},
{
    "model": "camping.cliente",
    "pk": 37,
    "fields": {
        "datos_cliente": 52,
        "numero_cuenta": "ES4436773792350679226833",
        "nacionalidad": "Spain",
        "acepta_publicidad": false
    }
},
{
    "model": "camping.cliente",
    "pk": 38,
    "fields": {
        "datos_cliente": 53,
        "numero_cuenta": "ES9451519439162579286050",
        "nacionalidad": "Spain",
        "acepta_publicidad": true
    }
},
{
    "model": "camping.cliente",
    "pk": 39,
    "fields": {
        "datos_cliente": 54,
        "numero_cuenta": "ES9710551549401789694933",
        "nacionalidad": "Spain",
        "acepta_publicidad": false
    }
},
{
    "model": "camping.cliente",
    "pk": 40,
    "fields": {
        "datos_cliente": 55,
        "numero_cuenta": "ES8661223975457422545781",
        "nacionalidad": "Spain",
        "acepta_publicidad": true
    }
},
{
    "model": "camping.cliente",
    "pk": 41,
    "fields": {
        "datos_cliente": 56,
        "numero_cuenta": "ES0607953442770865010191",
        "nacionalidad": "Spain",
        "acepta_publicidad": true
    }
},
{
    "model": "camping.cliente",
    "pk": 42,
    "fields": {
        "datos_cliente": 57,
        "numero_cuenta": "ES6710014053792286502419",
        "nacionalidad": "Spain",
        "acepta_publicidad": true
    }
},
{
    "model": "camping.cliente",
    "pk": 43,
    "fields": {
        "datos_cliente": 58,
        "numero_cuenta": "ES2122865071189356752517",
        "nacionalidad": "Spain",
        "acepta_publicidad": true
    }
},
{
    "model": "camping.cliente",
    "pk": 44,
    "fields": {
        "datos_cliente": 59,
        "numero_cuenta": "ES6962859848501724651333",
        "nacionalidad": "Spain",
        "acepta_publicidad": false
    }
},
{
    "model": "camping.cliente",
    "pk": 45,
    "fields": {
        "datos_cliente": 60,
        "numero_cuenta": "ES6803129427364119505485",
        "nacionalidad": "Spain",
        "acepta_publicidad": true
    }
},
{
    "model": "camping.camping",
    "pk": 1,
    "fields": {
        "nombre": "Comercial Espa±ola S.Com.",
        "ubicacion": "Via de Luisina Viana 5\nLa Rioja, 32552",
        "estrellas": 5,
        "sitio_web": "http://hotel.es/"
    }
},
{
    "model": "camping.camping",
    "pk": 2,
    "fields": {
        "nombre": "AragonÚs & Asociados S.Coop.",
        "ubicacion": "Callej¾n de Iker Reina 653 Puerta 0 \nCiudad, 47457",
        "estrellas": 2,
        "sitio_web": "http://www.barros.es/"
    }
},
{
    "model": "camping.camping",
    "pk": 3,
    "fields": {
        "nombre": "Hnos Velasco S.A.T.",
        "ubicacion": "C. de Calisto Quir¾s 99 Puerta 5 \nAlmerÝa, 28799",
        "estrellas": 3,
        "sitio_web": "http://suministros.es/"
    }
},
{
    "model": "camping.camping",
    "pk": 4,
    "fields": {
        "nombre": "Morera y Hoyos S.L.",
        "ubicacion": "Urbanizaci¾n Estela Cervera 73 Apt. 52 \nBaleares, 20973",
        "estrellas": 2,
        "sitio_web": "https://rueda.com/"
    }
},
{
    "model": "camping.camping",
    "pk": 5,
    "fields": {
        "nombre": "Galßn y asociados S.Coop.",
        "ubicacion": "C. Abraham Otero 4\nValencia, 01590",
        "estrellas": 1,
        "sitio_web": "http://banca.es/"
    }
},
{
    "model": "camping.camping",
    "pk": 6,
    "fields": {
        "nombre": "Inversiones Inteligentes S.Coop.",
        "ubicacion": "Ronda de Tania Ripoll 411 Apt. 42 \nMadrid, 30676",
        "estrellas": 5,
        "sitio_web": "http://www.despacho.es/"
    }
},
{
    "model": "camping.camping",
    "pk": 7,
    "fields": {
        "nombre": "LogÝstica SMT S.L.N.E",
        "ubicacion": "Ronda Gustavo Escamilla 2\nLa Coru±a, 32805",
        "estrellas": 2,
        "sitio_web": "http://www.mineria.com/"
    }
},
{
    "model": "camping.camping",
    "pk": 8,
    "fields": {
        "nombre": "Bas y Yß±ez S.A.",
        "ubicacion": "Via de Joel Reguera 45\nLa Rioja, 44602",
        "estrellas": 2,
        "sitio_web": "https://banco.es/"
    }
},
{
    "model": "camping.camping",
    "pk": 9,
    "fields": {
        "nombre": "Jenny Iglesias Prado S.A.",
        "ubicacion": "Acceso de Crist¾bal Navarrete 53 Piso 4 \nSanta Cruz de Tenerife, 42914",
        "estrellas": 5,
        "sitio_web": "https://comercial.com/"
    }
},
{
    "model": "camping.camping",
    "pk": 10,
    "fields": {
        "nombre": "Batlle y Barral S.Com.",
        "ubicacion": "Pasaje Javi Ca±ellas 205 Piso 3 \nBaleares, 24053",
        "estrellas": 3,
        "sitio_web": "http://www.logistica.es/"
    }
},
{
    "model": "camping.camping",
    "pk": 11,
    "fields": {
        "nombre": "Raya y Ariza S.A.",
        "ubicacion": "Ronda Nilo Gomez 24 Puerta 6 \nLugo, 39683",
        "estrellas": 2,
        "sitio_web": "http://www.hnos.com/"
    }
},
{
    "model": "camping.camping",
    "pk": 12,
    "fields": {
        "nombre": "Despacho Fonseca y asociados S.L.L.",
        "ubicacion": "Ronda de Ceferino Milla 300\nBarcelona, 04006",
        "estrellas": 5,
        "sitio_web": "http://grupo.com/"
    }
},
{
    "model": "camping.camping",
    "pk": 13,
    "fields": {
        "nombre": "Hermanos Torralba S.L.L.",
        "ubicacion": "Urbanizaci¾n de Cebrißn Royo 34 Piso 1 \nOurense, 32265",
        "estrellas": 2,
        "sitio_web": "http://www.despacho.org/"
    }
},
{
    "model": "camping.camping",
    "pk": 14,
    "fields": {
        "nombre": "Talleres Espa±olas S.Coop.",
        "ubicacion": "Glorieta Eleuterio Mascar¾ 51 Piso 9 \nMelilla, 01570",
        "estrellas": 1,
        "sitio_web": "https://www.alimentacion.es/"
    }
},
{
    "model": "camping.camping",
    "pk": 15,
    "fields": {
        "nombre": "ConsultorÝa Llorens & Asociados S.L.",
        "ubicacion": "Alameda Mariana Tomßs 801 Piso 3 \nCßceres, 21193",
        "estrellas": 4,
        "sitio_web": "https://sebastian.es/"
    }
},
{
    "model": "camping.camping",
    "pk": 16,
    "fields": {
        "nombre": "Hermanos Zaragoza S.Com.",
        "ubicacion": "Callej¾n de Sandalio Vargas 392\nLa Coru±a, 50668",
        "estrellas": 5,
        "sitio_web": "http://www.adolfo.com/"
    }
},
{
    "model": "camping.camping",
    "pk": 17,
    "fields": {
        "nombre": "Barreda y Mercader S.L.",
        "ubicacion": "Vial Javier Gallo 10\nNavarra, 02117",
        "estrellas": 2,
        "sitio_web": "https://www.mineria.es/"
    }
},
{
    "model": "camping.camping",
    "pk": 18,
    "fields": {
        "nombre": "Despacho Iberia S.Coop.",
        "ubicacion": "Acceso de Margarita Berm·dez 3\nValladolid, 44502",
        "estrellas": 4,
        "sitio_web": "http://mineria.com/"
    }
},
{
    "model": "camping.camping",
    "pk": 19,
    "fields": {
        "nombre": "Banco Castellana S.Com.",
        "ubicacion": "Pasadizo Iris Burgos 29\nCastell¾n, 30926",
        "estrellas": 3,
        "sitio_web": "https://www.calzada.com/"
    }
},
{
    "model": "camping.camping",
    "pk": 20,
    "fields": {
        "nombre": "Blanco y Blanca S.L.N.E",
        "ubicacion": "Ca±ada de EstefanÝa Cifuentes 66\nBadajoz, 12667",
        "estrellas": 1,
        "sitio_web": "http://www.fabrica.es/"
    }
},
{
    "model": "camping.parcela",
    "pk": 1,
    "fields": {
        "camping": 1,
        "numero": 47,
        "capacidad": 8,
        "tiene_sombra": false
    }
},
{
    "model": "camping.parcela",
    "pk": 2,
    "fields": {
        "camping": 1,
        "numero": 65,
        "capacidad": 4,
        "tiene_sombra": false
    }
},
{
    "model": "camping.parcela",
    "pk": 3,
    "fields": {
        "camping": 1,
        "numero": 4,
        "capacidad": 8,
        "tiene_sombra": false
    }
},
{
    "model": "camping.parcela",
    "pk": 4,
    "fields": {
        "camping": 1,
        "numero": 88,
        "capacidad": 3,
        "tiene_sombra": false
    }
},
{
    "model": "camping.parcela",
    "pk": 5,
    "fields": {
        "camping": 1,
        "numero": 20,
        "capacidad": 4,
        "tiene_sombra": true
    }
},
{
    "model": "camping.parcela",
    "pk": 6,
    "fields": {
        "camping": 1,
        "numero": 66,
        "capacidad": 3,
        "tiene_sombra": false
    }
},
{
    "model": "camping.parcela",
    "pk": 7,
    "fields": {
        "camping": 1,
        "numero": 74,
        "capacidad": 7,
        "tiene_sombra": false
    }
},
{
    "model": "camping.parcela",
    "pk": 8,
    "fields": {
        "camping": 1,
        "numero": 30,
        "capacidad": 6,
        "tiene_sombra": true
    }
},
{
    "model": "camping.parcela",
    "pk": 9,
    "fields": {
        "camping": 1,
        "numero": 39,
        "capacidad": 3,
        "tiene_sombra": true
    }
},
{
    "model": "camping.parcela",
    "pk": 10,
    "fields": {
        "camping": 1,
        "numero": 75,
        "capacidad": 6,
        "tiene_sombra": true
    }
},
{
    "model": "camping.parcela",
    "pk": 11,
    "fields": {
        "camping": 2,
        "numero": 48,
        "capacidad": 6,
        "tiene_sombra": true
    }
},
{
    "model": "camping.parcela",
    "pk": 12,
    "fields": {
        "camping": 2,
        "numero": 69,
        "capacidad": 6,
        "tiene_sombra": false
    }
},
{
    "model": "camping.parcela",
    "pk": 13,
    "fields": {
        "camping": 2,
        "numero": 41,
        "capacidad": 8,
        "tiene_sombra": false
    }
},
{
    "model": "camping.parcela",
    "pk": 14,
    "fields": {
        "camping": 2,
        "numero": 12,
        "capacidad": 4,
        "tiene_sombra": false
    }
},
{
    "model": "camping.parcela",
    "pk": 15,
    "fields": {
        "camping": 2,
        "numero": 25,
        "capacidad": 2,
        "tiene_sombra": false
    }
},
{
    "model": "camping.parcela",
    "pk": 16,
    "fields": {
        "camping": 2,
        "numero": 12,
        "capacidad": 4,
        "tiene_sombra": false
    }
},
{
    "model": "camping.parcela",
    "pk": 17,
    "fields": {
        "camping": 2,
        "numero": 29,
        "capacidad": 5,
        "tiene_sombra": true
    }
},
{
    "model": "camping.parcela",
    "pk": 18,
    "fields": {
        "camping": 2,
        "numero": 21,
        "capacidad": 2,
        "tiene_sombra": true
    }
},
{
    "model": "camping.parcela",
    "pk": 19,
    "fields": {
        "camping": 2,
        "numero": 76,
        "capacidad": 8,
        "tiene_sombra": true
    }
},
{
    "model": "camping.parcela",
    "pk": 20,
    "fields": {
        "camping": 2,
        "numero": 94,
        "capacidad": 8,
        "tiene_sombra": false
    }
},
{
    "model": "camping.parcela",
    "pk": 21,
    "fields": {
        "camping": 3,
        "numero": 53,
        "capacidad": 5,
        "tiene_sombra": true
    }
},
{
    "model": "camping.parcela",
    "pk": 22,
    "fields": {
        "camping": 3,
        "numero": 54,
        "capacidad": 7,
        "tiene_sombra": false
    }
},
{
    "model": "camping.parcela",
    "pk": 23,
    "fields": {
        "camping": 3,
        "numero": 4,
        "capacidad": 3,
        "tiene_sombra": false
    }
},
{
    "model": "camping.parcela",
    "pk": 24,
    "fields": {
        "camping": 3,
        "numero": 52,
        "capacidad": 3,
        "tiene_sombra": true
    }
},
{
    "model": "camping.parcela",
    "pk": 25,
    "fields": {
        "camping": 3,
        "numero": 65,
        "capacidad": 4,
        "tiene_sombra": false
    }
},
{
    "model": "camping.parcela",
    "pk": 26,
    "fields": {
        "camping": 3,
        "numero": 84,
        "capacidad": 8,
        "tiene_sombra": false
    }
},
{
    "model": "camping.parcela",
    "pk": 27,
    "fields": {
        "camping": 3,
        "numero": 29,
        "capacidad": 5,
        "tiene_sombra": true
    }
},
{
    "model": "camping.parcela",
    "pk": 28,
    "fields": {
        "camping": 3,
        "numero": 55,
        "capacidad": 8,
        "tiene_sombra": false
    }
},
{
    "model": "camping.parcela",
    "pk": 29,
    "fields": {
        "camping": 3,
        "numero": 60,
        "capacidad": 2,
        "tiene_sombra": false
    }
},
{
    "model": "camping.parcela",
    "pk": 30,
    "fields": {
        "camping": 3,
        "numero": 50,
        "capacidad": 3,
        "tiene_sombra": true
    }
},
{
    "model": "camping.parcela",
    "pk": 31,
    "fields": {
        "camping": 4,
        "numero": 55,
        "capacidad": 5,
        "tiene_sombra": false
    }
},
{
    "model": "camping.parcela",
    "pk": 32,
    "fields": {
        "camping": 4,
        "numero": 74,
        "capacidad": 4,
        "tiene_sombra": true
    }
},
{
    "model": "camping.parcela",
    "pk": 33,
    "fields": {
        "camping": 4,
        "numero": 26,
        "capacidad": 5,
        "tiene_sombra": false
    }
},
{
    "model": "camping.parcela",
    "pk": 34,
    "fields": {
        "camping": 4,
        "numero": 78,
        "capacidad": 7,
        "tiene_sombra": true
    }
},
{
    "model": "camping.parcela",
    "pk": 35,
    "fields": {
        "camping": 4,
        "numero": 9,
        "capacidad": 7,
        "tiene_sombra": false
    }
},
{
    "model": "camping.parcela",
    "pk": 36,
    "fields": {
        "camping": 4,
        "numero": 73,
        "capacidad": 5,
        "tiene_sombra": false
    }
},
{
    "model": "camping.parcela",
    "pk": 37,
    "fields": {
        "camping": 4,
        "numero": 49,
        "capacidad": 6,
        "tiene_sombra": true
    }
},
{
    "model": "camping.parcela",
    "pk": 38,
    "fields": {
        "camping": 4,
        "numero": 16,
        "capacidad": 3,
        "tiene_sombra": false
    }
},
{
    "model": "camping.parcela",
    "pk": 39,
    "fields": {
        "camping": 4,
        "numero": 53,
        "capacidad": 5,
        "tiene_sombra": true
    }
},
{
    "model": "camping.parcela",
    "pk": 40,
    "fields": {
        "camping": 4,
        "numero": 38,
        "capacidad": 5,
        "tiene_sombra": true
    }
},
{
    "model": "camping.parcela",
    "pk": 41,
    "fields": {
        "camping": 5,
        "numero": 78,
        "capacidad": 8,
        "tiene_sombra": true
    }
},
{
    "model": "camping.parcela",
    "pk": 42,
    "fields": {
        "camping": 5,
        "numero": 29,
        "capacidad": 2,
        "tiene_sombra": false
    }
},
{
    "model": "camping.parcela",
    "pk": 43,
    "fields": {
        "camping": 5,
        "numero": 21,
        "capacidad": 3,
        "tiene_sombra": true
    }
},
{
    "model": "camping.parcela",
    "pk": 44,
    "fields": {
        "camping": 5,
        "numero": 18,
        "capacidad": 7,
        "tiene_sombra": true
    }
},
{
    "model": "camping.parcela",
    "pk": 45,
    "fields": {
        "camping": 5,
        "numero": 95,
        "capacidad": 3,
        "tiene_sombra": false
    }
},
{
    "model": "camping.parcela",
    "pk": 46,
    "fields": {
        "camping": 5,
        "numero": 47,
        "capacidad": 5,
        "tiene_sombra": false
    }
},
{
    "model": "camping.parcela",
    "pk": 47,
    "fields": {
        "camping": 5,
        "numero": 83,
        "capacidad": 3,
        "tiene_sombra": false
    }
},
{
    "model": "camping.parcela",
    "pk": 48,
    "fields": {
        "camping": 5,
        "numero": 82,
        "capacidad": 2,
        "tiene_sombra": true
    }
},
{
    "model": "camping.parcela",
    "pk": 49,
    "fields": {
        "camping": 5,
        "numero": 38,
        "capacidad": 2,
        "tiene_sombra": true
    }
},
{
    "model": "camping.parcela",
    "pk": 50,
    "fields": {
        "camping": 5,
        "numero": 73,
        "capacidad": 8,
        "tiene_sombra": false
    }
},
{
    "model": "camping.parcela",
    "pk": 51,
    "fields": {
        "camping": 6,
        "numero": 37,
        "capacidad": 4,
        "tiene_sombra": false
    }
},
{
    "model": "camping.parcela",
    "pk": 52,
    "fields": {
        "camping": 6,
        "numero": 65,
        "capacidad": 4,
        "tiene_sombra": true
    }
},
{
    "model": "camping.parcela",
    "pk": 53,
    "fields": {
        "camping": 6,
        "numero": 21,
        "capacidad": 3,
        "tiene_sombra": false
    }
},
{
    "model": "camping.parcela",
    "pk": 54,
    "fields": {
        "camping": 6,
        "numero": 90,
        "capacidad": 6,
        "tiene_sombra": true
    }
},
{
    "model": "camping.parcela",
    "pk": 55,
    "fields": {
        "camping": 6,
        "numero": 27,
        "capacidad": 8,
        "tiene_sombra": false
    }
},
{
    "model": "camping.parcela",
    "pk": 56,
    "fields": {
        "camping": 6,
        "numero": 52,
        "capacidad": 2,
        "tiene_sombra": true
    }
},
{
    "model": "camping.parcela",
    "pk": 57,
    "fields": {
        "camping": 6,
        "numero": 4,
        "capacidad": 2,
        "tiene_sombra": false
    }
},
{
    "model": "camping.parcela",
    "pk": 58,
    "fields": {
        "camping": 6,
        "numero": 80,
        "capacidad": 5,
        "tiene_sombra": true
    }
},
{
    "model": "camping.parcela",
    "pk": 59,
    "fields": {
        "camping": 6,
        "numero": 41,
        "capacidad": 4,
        "tiene_sombra": false
    }
},
{
    "model": "camping.parcela",
    "pk": 60,
    "fields": {
        "camping": 6,
        "numero": 96,
        "capacidad": 5,
        "tiene_sombra": false
    }
},
{
    "model": "camping.parcela",
    "pk": 61,
    "fields": {
        "camping": 7,
        "numero": 83,
        "capacidad": 7,
        "tiene_sombra": true
    }
},
{
    "model": "camping.parcela",
    "pk": 62,
    "fields": {
        "camping": 7,
        "numero": 86,
        "capacidad": 6,
        "tiene_sombra": true
    }
},
{
    "model": "camping.parcela",
    "pk": 63,
    "fields": {
        "camping": 7,
        "numero": 39,
        "capacidad": 7,
        "tiene_sombra": false
    }
},
{
    "model": "camping.parcela",
    "pk": 64,
    "fields": {
        "camping": 7,
        "numero": 92,
        "capacidad": 3,
        "tiene_sombra": false
    }
},
{
    "model": "camping.parcela",
    "pk": 65,
    "fields": {
        "camping": 7,
        "numero": 54,
        "capacidad": 5,
        "tiene_sombra": true
    }
},
{
    "model": "camping.parcela",
    "pk": 66,
    "fields": {
        "camping": 7,
        "numero": 93,
        "capacidad": 6,
        "tiene_sombra": true
    }
},
{
    "model": "camping.parcela",
    "pk": 67,
    "fields": {
        "camping": 7,
        "numero": 5,
        "capacidad": 6,
        "tiene_sombra": true
    }
},
{
    "model": "camping.parcela",
    "pk": 68,
    "fields": {
        "camping": 7,
        "numero": 66,
        "capacidad": 5,
        "tiene_sombra": true
    }
},
{
    "model": "camping.parcela",
    "pk": 69,
    "fields": {
        "camping": 7,
        "numero": 25,
        "capacidad": 4,
        "tiene_sombra": true
    }
},
{
    "model": "camping.parcela",
    "pk": 70,
    "fields": {
        "camping": 7,
        "numero": 6,
        "capacidad": 4,
        "tiene_sombra": true
    }
},
{
    "model": "camping.parcela",
    "pk": 71,
    "fields": {
        "camping": 8,
        "numero": 31,
        "capacidad": 4,
        "tiene_sombra": true
    }
},
{
    "model": "camping.parcela",
    "pk": 72,
    "fields": {
        "camping": 8,
        "numero": 52,
        "capacidad": 8,
        "tiene_sombra": false
    }
},
{
    "model": "camping.parcela",
    "pk": 73,
    "fields": {
        "camping": 8,
        "numero": 93,
        "capacidad": 4,
        "tiene_sombra": false
    }
},
{
    "model": "camping.parcela",
    "pk": 74,
    "fields": {
        "camping": 8,
        "numero": 80,
        "capacidad": 5,
        "tiene_sombra": true
    }
},
{
    "model": "camping.parcela",
    "pk": 75,
    "fields": {
        "camping": 8,
        "numero": 2,
        "capacidad": 7,
        "tiene_sombra": true
    }
},
{
    "model": "camping.parcela",
    "pk": 76,
    "fields": {
        "camping": 8,
        "numero": 28,
        "capacidad": 2,
        "tiene_sombra": false
    }
},
{
    "model": "camping.parcela",
    "pk": 77,
    "fields": {
        "camping": 8,
        "numero": 26,
        "capacidad": 8,
        "tiene_sombra": true
    }
},
{
    "model": "camping.parcela",
    "pk": 78,
    "fields": {
        "camping": 8,
        "numero": 17,
        "capacidad": 6,
        "tiene_sombra": true
    }
},
{
    "model": "camping.parcela",
    "pk": 79,
    "fields": {
        "camping": 8,
        "numero": 6,
        "capacidad": 5,
        "tiene_sombra": false
    }
},
{
    "model": "camping.parcela",
    "pk": 80,
    "fields": {
        "camping": 8,
        "numero": 82,
        "capacidad": 5,
        "tiene_sombra": true
    }
},
{
    "model": "camping.parcela",
    "pk": 81,
    "fields": {
        "camping": 9,
        "numero": 53,
        "capacidad": 6,
        "tiene_sombra": false
    }
},
{
    "model": "camping.parcela",
    "pk": 82,
    "fields": {
        "camping": 9,
        "numero": 26,
        "capacidad": 6,
        "tiene_sombra": true
    }
},
{
    "model": "camping.parcela",
    "pk": 83,
    "fields": {
        "camping": 9,
        "numero": 7,
        "capacidad": 5,
        "tiene_sombra": false
    }
},
{
    "model": "camping.parcela",
    "pk": 84,
    "fields": {
        "camping": 9,
        "numero": 84,
        "capacidad": 8,
        "tiene_sombra": true
    }
},
{
    "model": "camping.parcela",
    "pk": 85,
    "fields": {
        "camping": 9,
        "numero": 11,
        "capacidad": 5,
        "tiene_sombra": false
    }
},
{
    "model": "camping.parcela",
    "pk": 86,
    "fields": {
        "camping": 9,
        "numero": 38,
        "capacidad": 2,
        "tiene_sombra": true
    }
},
{
    "model": "camping.parcela",
    "pk": 87,
    "fields": {
        "camping": 9,
        "numero": 3,
        "capacidad": 6,
        "tiene_sombra": true
    }
},
{
    "model": "camping.parcela",
    "pk": 88,
    "fields": {
        "camping": 9,
        "numero": 46,
        "capacidad": 2,
        "tiene_sombra": true
    }
},
{
    "model": "camping.parcela",
    "pk": 89,
    "fields": {
        "camping": 9,
        "numero": 63,
        "capacidad": 6,
        "tiene_sombra": false
    }
},
{
    "model": "camping.parcela",
    "pk": 90,
    "fields": {
        "camping": 9,
        "numero": 83,
        "capacidad": 5,
        "tiene_sombra": false
    }
},
{
    "model": "camping.parcela",
    "pk": 91,
    "fields": {
        "camping": 10,
        "numero": 47,
        "capacidad": 8,
        "tiene_sombra": true
    }
},
{
    "model": "camping.parcela",
    "pk": 92,
    "fields": {
        "camping": 10,
        "numero": 25,
        "capacidad": 2,
        "tiene_sombra": true
    }
},
{
    "model": "camping.parcela",
    "pk": 93,
    "fields": {
        "camping": 10,
        "numero": 26,
        "capacidad": 4,
        "tiene_sombra": true
    }
},
{
    "model": "camping.parcela",
    "pk": 94,
    "fields": {
        "camping": 10,
        "numero": 60,
        "capacidad": 8,
        "tiene_sombra": false
    }
},
{
    "model": "camping.parcela",
    "pk": 95,
    "fields": {
        "camping": 10,
        "numero": 70,
        "capacidad": 2,
        "tiene_sombra": true
    }
},
{
    "model": "camping.parcela",
    "pk": 96,
    "fields": {
        "camping": 10,
        "numero": 10,
        "capacidad": 8,
        "tiene_sombra": true
    }
},
{
    "model": "camping.parcela",
    "pk": 97,
    "fields": {
        "camping": 10,
        "numero": 21,
        "capacidad": 3,
        "tiene_sombra": true
    }
},
{
    "model": "camping.parcela",
    "pk": 98,
    "fields": {
        "camping": 10,
        "numero": 74,
        "capacidad": 4,
        "tiene_sombra": true
    }
},
{
    "model": "camping.parcela",
    "pk": 99,
    "fields": {
        "camping": 10,
        "numero": 38,
        "capacidad": 6,
        "tiene_sombra": false
    }
},
{
    "model": "camping.parcela",
    "pk": 100,
    "fields": {
        "camping": 10,
        "numero": 56,
        "capacidad": 3,
        "tiene_sombra": false
    }
},
{
    "model": "camping.parcela",
    "pk": 101,
    "fields": {
        "camping": 11,
        "numero": 51,
        "capacidad": 5,
        "tiene_sombra": false
    }
},
{
    "model": "camping.parcela",
    "pk": 102,
    "fields": {
        "camping": 11,
        "numero": 69,
        "capacidad": 7,
        "tiene_sombra": true
    }
},
{
    "model": "camping.parcela",
    "pk": 103,
    "fields": {
        "camping": 11,
        "numero": 62,
        "capacidad": 6,
        "tiene_sombra": true
    }
},
{
    "model": "camping.parcela",
    "pk": 104,
    "fields": {
        "camping": 11,
        "numero": 2,
        "capacidad": 7,
        "tiene_sombra": true
    }
},
{
    "model": "camping.parcela",
    "pk": 105,
    "fields": {
        "camping": 11,
        "numero": 17,
        "capacidad": 3,
        "tiene_sombra": true
    }
},
{
    "model": "camping.parcela",
    "pk": 106,
    "fields": {
        "camping": 11,
        "numero": 14,
        "capacidad": 6,
        "tiene_sombra": false
    }
},
{
    "model": "camping.parcela",
    "pk": 107,
    "fields": {
        "camping": 11,
        "numero": 68,
        "capacidad": 2,
        "tiene_sombra": false
    }
},
{
    "model": "camping.parcela",
    "pk": 108,
    "fields": {
        "camping": 11,
        "numero": 75,
        "capacidad": 7,
        "tiene_sombra": true
    }
},
{
    "model": "camping.parcela",
    "pk": 109,
    "fields": {
        "camping": 11,
        "numero": 68,
        "capacidad": 4,
        "tiene_sombra": true
    }
},
{
    "model": "camping.parcela",
    "pk": 110,
    "fields": {
        "camping": 11,
        "numero": 26,
        "capacidad": 7,
        "tiene_sombra": true
    }
},
{
    "model": "camping.parcela",
    "pk": 111,
    "fields": {
        "camping": 12,
        "numero": 54,
        "capacidad": 3,
        "tiene_sombra": true
    }
},
{
    "model": "camping.parcela",
    "pk": 112,
    "fields": {
        "camping": 12,
        "numero": 15,
        "capacidad": 5,
        "tiene_sombra": false
    }
},
{
    "model": "camping.parcela",
    "pk": 113,
    "fields": {
        "camping": 12,
        "numero": 6,
        "capacidad": 8,
        "tiene_sombra": true
    }
},
{
    "model": "camping.parcela",
    "pk": 114,
    "fields": {
        "camping": 12,
        "numero": 37,
        "capacidad": 5,
        "tiene_sombra": false
    }
},
{
    "model": "camping.parcela",
    "pk": 115,
    "fields": {
        "camping": 12,
        "numero": 53,
        "capacidad": 6,
        "tiene_sombra": false
    }
},
{
    "model": "camping.parcela",
    "pk": 116,
    "fields": {
        "camping": 12,
        "numero": 98,
        "capacidad": 6,
        "tiene_sombra": true
    }
},
{
    "model": "camping.parcela",
    "pk": 117,
    "fields": {
        "camping": 12,
        "numero": 25,
        "capacidad": 7,
        "tiene_sombra": true
    }
},
{
    "model": "camping.parcela",
    "pk": 118,
    "fields": {
        "camping": 12,
        "numero": 99,
        "capacidad": 4,
        "tiene_sombra": true
    }
},
{
    "model": "camping.parcela",
    "pk": 119,
    "fields": {
        "camping": 12,
        "numero": 81,
        "capacidad": 7,
        "tiene_sombra": false
    }
},
{
    "model": "camping.parcela",
    "pk": 120,
    "fields": {
        "camping": 12,
        "numero": 15,
        "capacidad": 5,
        "tiene_sombra": false
    }
},
{
    "model": "camping.parcela",
    "pk": 121,
    "fields": {
        "camping": 13,
        "numero": 67,
        "capacidad": 3,
        "tiene_sombra": true
    }
},
{
    "model": "camping.parcela",
    "pk": 122,
    "fields": {
        "camping": 13,
        "numero": 16,
        "capacidad": 4,
        "tiene_sombra": true
    }
},
{
    "model": "camping.parcela",
    "pk": 123,
    "fields": {
        "camping": 13,
        "numero": 13,
        "capacidad": 8,
        "tiene_sombra": false
    }
},
{
    "model": "camping.parcela",
    "pk": 124,
    "fields": {
        "camping": 13,
        "numero": 26,
        "capacidad": 3,
        "tiene_sombra": false
    }
},
{
    "model": "camping.parcela",
    "pk": 125,
    "fields": {
        "camping": 13,
        "numero": 81,
        "capacidad": 8,
        "tiene_sombra": true
    }
},
{
    "model": "camping.parcela",
    "pk": 126,
    "fields": {
        "camping": 13,
        "numero": 38,
        "capacidad": 8,
        "tiene_sombra": false
    }
},
{
    "model": "camping.parcela",
    "pk": 127,
    "fields": {
        "camping": 13,
        "numero": 93,
        "capacidad": 7,
        "tiene_sombra": false
    }
},
{
    "model": "camping.parcela",
    "pk": 128,
    "fields": {
        "camping": 13,
        "numero": 10,
        "capacidad": 2,
        "tiene_sombra": true
    }
},
{
    "model": "camping.parcela",
    "pk": 129,
    "fields": {
        "camping": 13,
        "numero": 44,
        "capacidad": 5,
        "tiene_sombra": true
    }
},
{
    "model": "camping.parcela",
    "pk": 130,
    "fields": {
        "camping": 13,
        "numero": 19,
        "capacidad": 6,
        "tiene_sombra": false
    }
},
{
    "model": "camping.parcela",
    "pk": 131,
    "fields": {
        "camping": 14,
        "numero": 10,
        "capacidad": 4,
        "tiene_sombra": true
    }
},
{
    "model": "camping.parcela",
    "pk": 132,
    "fields": {
        "camping": 14,
        "numero": 46,
        "capacidad": 8,
        "tiene_sombra": true
    }
},
{
    "model": "camping.parcela",
    "pk": 133,
    "fields": {
        "camping": 14,
        "numero": 1,
        "capacidad": 3,
        "tiene_sombra": true
    }
},
{
    "model": "camping.parcela",
    "pk": 134,
    "fields": {
        "camping": 14,
        "numero": 61,
        "capacidad": 6,
        "tiene_sombra": true
    }
},
{
    "model": "camping.parcela",
    "pk": 135,
    "fields": {
        "camping": 14,
        "numero": 52,
        "capacidad": 6,
        "tiene_sombra": false
    }
},
{
    "model": "camping.parcela",
    "pk": 136,
    "fields": {
        "camping": 14,
        "numero": 28,
        "capacidad": 2,
        "tiene_sombra": true
    }
},
{
    "model": "camping.parcela",
    "pk": 137,
    "fields": {
        "camping": 14,
        "numero": 23,
        "capacidad": 7,
        "tiene_sombra": true
    }
},
{
    "model": "camping.parcela",
    "pk": 138,
    "fields": {
        "camping": 14,
        "numero": 68,
        "capacidad": 6,
        "tiene_sombra": false
    }
},
{
    "model": "camping.parcela",
    "pk": 139,
    "fields": {
        "camping": 14,
        "numero": 92,
        "capacidad": 8,
        "tiene_sombra": true
    }
},
{
    "model": "camping.parcela",
    "pk": 140,
    "fields": {
        "camping": 14,
        "numero": 58,
        "capacidad": 8,
        "tiene_sombra": false
    }
},
{
    "model": "camping.parcela",
    "pk": 141,
    "fields": {
        "camping": 15,
        "numero": 79,
        "capacidad": 6,
        "tiene_sombra": true
    }
},
{
    "model": "camping.parcela",
    "pk": 142,
    "fields": {
        "camping": 15,
        "numero": 83,
        "capacidad": 4,
        "tiene_sombra": true
    }
},
{
    "model": "camping.parcela",
    "pk": 143,
    "fields": {
        "camping": 15,
        "numero": 96,
        "capacidad": 5,
        "tiene_sombra": false
    }
},
{
    "model": "camping.parcela",
    "pk": 144,
    "fields": {
        "camping": 15,
        "numero": 69,
        "capacidad": 8,
        "tiene_sombra": false
    }
},
{
    "model": "camping.parcela",
    "pk": 145,
    "fields": {
        "camping": 15,
        "numero": 58,
        "capacidad": 2,
        "tiene_sombra": false
    }
},
{
    "model": "camping.parcela",
    "pk": 146,
    "fields": {
        "camping": 15,
        "numero": 95,
        "capacidad": 3,
        "tiene_sombra": false
    }
},
{
    "model": "camping.parcela",
    "pk": 147,
    "fields": {
        "camping": 15,
        "numero": 36,
        "capacidad": 7,
        "tiene_sombra": true
    }
},
{
    "model": "camping.parcela",
    "pk": 148,
    "fields": {
        "camping": 15,
        "numero": 65,
        "capacidad": 2,
        "tiene_sombra": false
    }
},
{
    "model": "camping.parcela",
    "pk": 149,
    "fields": {
        "camping": 15,
        "numero": 20,
        "capacidad": 2,
        "tiene_sombra": true
    }
},
{
    "model": "camping.parcela",
    "pk": 150,
    "fields": {
        "camping": 15,
        "numero": 26,
        "capacidad": 8,
        "tiene_sombra": false
    }
},
{
    "model": "camping.parcela",
    "pk": 151,
    "fields": {
        "camping": 16,
        "numero": 62,
        "capacidad": 7,
        "tiene_sombra": true
    }
},
{
    "model": "camping.parcela",
    "pk": 152,
    "fields": {
        "camping": 16,
        "numero": 89,
        "capacidad": 3,
        "tiene_sombra": false
    }
},
{
    "model": "camping.parcela",
    "pk": 153,
    "fields": {
        "camping": 16,
        "numero": 93,
        "capacidad": 2,
        "tiene_sombra": false
    }
},
{
    "model": "camping.parcela",
    "pk": 154,
    "fields": {
        "camping": 16,
        "numero": 61,
        "capacidad": 6,
        "tiene_sombra": false
    }
},
{
    "model": "camping.parcela",
    "pk": 155,
    "fields": {
        "camping": 16,
        "numero": 57,
        "capacidad": 7,
        "tiene_sombra": false
    }
},
{
    "model": "camping.parcela",
    "pk": 156,
    "fields": {
        "camping": 16,
        "numero": 34,
        "capacidad": 7,
        "tiene_sombra": false
    }
},
{
    "model": "camping.parcela",
    "pk": 157,
    "fields": {
        "camping": 16,
        "numero": 73,
        "capacidad": 5,
        "tiene_sombra": true
    }
},
{
    "model": "camping.parcela",
    "pk": 158,
    "fields": {
        "camping": 16,
        "numero": 42,
        "capacidad": 7,
        "tiene_sombra": false
    }
},
{
    "model": "camping.parcela",
    "pk": 159,
    "fields": {
        "camping": 16,
        "numero": 59,
        "capacidad": 7,
        "tiene_sombra": true
    }
},
{
    "model": "camping.parcela",
    "pk": 160,
    "fields": {
        "camping": 16,
        "numero": 65,
        "capacidad": 3,
        "tiene_sombra": true
    }
},
{
    "model": "camping.parcela",
    "pk": 161,
    "fields": {
        "camping": 17,
        "numero": 18,
        "capacidad": 5,
        "tiene_sombra": false
    }
},
{
    "model": "camping.parcela",
    "pk": 162,
    "fields": {
        "camping": 17,
        "numero": 52,
        "capacidad": 3,
        "tiene_sombra": false
    }
},
{
    "model": "camping.parcela",
    "pk": 163,
    "fields": {
        "camping": 17,
        "numero": 39,
        "capacidad": 3,
        "tiene_sombra": true
    }
},
{
    "model": "camping.parcela",
    "pk": 164,
    "fields": {
        "camping": 17,
        "numero": 76,
        "capacidad": 6,
        "tiene_sombra": true
    }
},
{
    "model": "camping.parcela",
    "pk": 165,
    "fields": {
        "camping": 17,
        "numero": 41,
        "capacidad": 6,
        "tiene_sombra": true
    }
},
{
    "model": "camping.parcela",
    "pk": 166,
    "fields": {
        "camping": 17,
        "numero": 44,
        "capacidad": 6,
        "tiene_sombra": true
    }
},
{
    "model": "camping.parcela",
    "pk": 167,
    "fields": {
        "camping": 17,
        "numero": 19,
        "capacidad": 5,
        "tiene_sombra": false
    }
},
{
    "model": "camping.parcela",
    "pk": 168,
    "fields": {
        "camping": 17,
        "numero": 73,
        "capacidad": 7,
        "tiene_sombra": true
    }
},
{
    "model": "camping.parcela",
    "pk": 169,
    "fields": {
        "camping": 17,
        "numero": 69,
        "capacidad": 4,
        "tiene_sombra": false
    }
},
{
    "model": "camping.parcela",
    "pk": 170,
    "fields": {
        "camping": 17,
        "numero": 26,
        "capacidad": 8,
        "tiene_sombra": true
    }
},
{
    "model": "camping.parcela",
    "pk": 171,
    "fields": {
        "camping": 18,
        "numero": 30,
        "capacidad": 5,
        "tiene_sombra": false
    }
},
{
    "model": "camping.parcela",
    "pk": 172,
    "fields": {
        "camping": 18,
        "numero": 44,
        "capacidad": 6,
        "tiene_sombra": true
    }
},
{
    "model": "camping.parcela",
    "pk": 173,
    "fields": {
        "camping": 18,
        "numero": 11,
        "capacidad": 6,
        "tiene_sombra": true
    }
},
{
    "model": "camping.parcela",
    "pk": 174,
    "fields": {
        "camping": 18,
        "numero": 63,
        "capacidad": 8,
        "tiene_sombra": false
    }
},
{
    "model": "camping.parcela",
    "pk": 175,
    "fields": {
        "camping": 18,
        "numero": 73,
        "capacidad": 5,
        "tiene_sombra": false
    }
},
{
    "model": "camping.parcela",
    "pk": 176,
    "fields": {
        "camping": 18,
        "numero": 1,
        "capacidad": 8,
        "tiene_sombra": true
    }
},
{
    "model": "camping.parcela",
    "pk": 177,
    "fields": {
        "camping": 18,
        "numero": 93,
        "capacidad": 3,
        "tiene_sombra": true
    }
},
{
    "model": "camping.parcela",
    "pk": 178,
    "fields": {
        "camping": 18,
        "numero": 68,
        "capacidad": 8,
        "tiene_sombra": false
    }
},
{
    "model": "camping.parcela",
    "pk": 179,
    "fields": {
        "camping": 18,
        "numero": 80,
        "capacidad": 4,
        "tiene_sombra": true
    }
},
{
    "model": "camping.parcela",
    "pk": 180,
    "fields": {
        "camping": 18,
        "numero": 82,
        "capacidad": 7,
        "tiene_sombra": false
    }
},
{
    "model": "camping.parcela",
    "pk": 181,
    "fields": {
        "camping": 19,
        "numero": 96,
        "capacidad": 5,
        "tiene_sombra": true
    }
},
{
    "model": "camping.parcela",
    "pk": 182,
    "fields": {
        "camping": 19,
        "numero": 78,
        "capacidad": 3,
        "tiene_sombra": false
    }
},
{
    "model": "camping.parcela",
    "pk": 183,
    "fields": {
        "camping": 19,
        "numero": 89,
        "capacidad": 2,
        "tiene_sombra": true
    }
},
{
    "model": "camping.parcela",
    "pk": 184,
    "fields": {
        "camping": 19,
        "numero": 22,
        "capacidad": 6,
        "tiene_sombra": false
    }
},
{
    "model": "camping.parcela",
    "pk": 185,
    "fields": {
        "camping": 19,
        "numero": 53,
        "capacidad": 3,
        "tiene_sombra": false
    }
},
{
    "model": "camping.parcela",
    "pk": 186,
    "fields": {
        "camping": 19,
        "numero": 18,
        "capacidad": 3,
        "tiene_sombra": true
    }
},
{
    "model": "camping.parcela",
    "pk": 187,
    "fields": {
        "camping": 19,
        "numero": 24,
        "capacidad": 2,
        "tiene_sombra": true
    }
},
{
    "model": "camping.parcela",
    "pk": 188,
    "fields": {
        "camping": 19,
        "numero": 31,
        "capacidad": 3,
        "tiene_sombra": false
    }
},
{
    "model": "camping.parcela",
    "pk": 189,
    "fields": {
        "camping": 19,
        "numero": 80,
        "capacidad": 8,
        "tiene_sombra": false
    }
},
{
    "model": "camping.parcela",
    "pk": 190,
    "fields": {
        "camping": 19,
        "numero": 71,
        "capacidad": 7,
        "tiene_sombra": false
    }
},
{
    "model": "camping.parcela",
    "pk": 191,
    "fields": {
        "camping": 20,
        "numero": 80,
        "capacidad": 2,
        "tiene_sombra": false
    }
},
{
    "model": "camping.parcela",
    "pk": 192,
    "fields": {
        "camping": 20,
        "numero": 60,
        "capacidad": 6,
        "tiene_sombra": false
    }
},
{
    "model": "camping.parcela",
    "pk": 193,
    "fields": {
        "camping": 20,
        "numero": 54,
        "capacidad": 8,
        "tiene_sombra": true
    }
},
{
    "model": "camping.parcela",
    "pk": 194,
    "fields": {
        "camping": 20,
        "numero": 56,
        "capacidad": 4,
        "tiene_sombra": true
    }
},
{
    "model": "camping.parcela",
    "pk": 195,
    "fields": {
        "camping": 20,
        "numero": 69,
        "capacidad": 3,
        "tiene_sombra": false
    }
},
{
    "model": "camping.parcela",
    "pk": 196,
    "fields": {
        "camping": 20,
        "numero": 3,
        "capacidad": 4,
        "tiene_sombra": false
    }
},
{
    "model": "camping.parcela",
    "pk": 197,
    "fields": {
        "camping": 20,
        "numero": 33,
        "capacidad": 5,
        "tiene_sombra": false
    }
},
{
    "model": "camping.parcela",
    "pk": 198,
    "fields": {
        "camping": 20,
        "numero": 53,
        "capacidad": 2,
        "tiene_sombra": false
    }
},
{
    "model": "camping.parcela",
    "pk": 199,
    "fields": {
        "camping": 20,
        "numero": 75,
        "capacidad": 6,
        "tiene_sombra": false
    }
},
{
    "model": "camping.parcela",
    "pk": 200,
    "fields": {
        "camping": 20,
        "numero": 93,
        "capacidad": 4,
        "tiene_sombra": true
    }
},
{
    "model": "camping.vehiculo",
    "pk": 1,
    "fields": {
        "tipo": "moto",
        "matricula": "J 7865 PX",
        "peso": 2664.17,
        "marca": "Farmace·tica HUDR S.Com.",
        "cliente": []
    }
},
{
    "model": "camping.vehiculo",
    "pk": 2,
    "fields": {
        "tipo": "moto",
        "matricula": "CE 2128 GT",
        "peso": 2684.92,
        "marca": "Compa±Ýa Espa±ola S.A.",
        "cliente": [
            1
        ]
    }
},
{
    "model": "camping.vehiculo",
    "pk": 3,
    "fields": {
        "tipo": "moto",
        "matricula": "3185 SHM",
        "peso": 1906.19,
        "marca": "Infraestructuras Sabater S.A.",
        "cliente": []
    }
},
{
    "model": "camping.vehiculo",
    "pk": 4,
    "fields": {
        "tipo": "moto",
        "matricula": "VI 2603 MH",
        "peso": 656.19,
        "marca": "Comercializadora WOG S.L.N.E",
        "cliente": []
    }
},
{
    "model": "camping.vehiculo",
    "pk": 5,
    "fields": {
        "tipo": "coche",
        "matricula": "1671 DZJ",
        "peso": 977.94,
        "marca": "Banco Clemente & Asociados S.Coop.",
        "cliente": [
            2
        ]
    }
},
{
    "model": "camping.vehiculo",
    "pk": 6,
    "fields": {
        "tipo": "caravana",
        "matricula": "2436 RHT",
        "peso": 1084.96,
        "marca": "Despacho XJLN S.Coop.",
        "cliente": [
            3
        ]
    }
},
{
    "model": "camping.vehiculo",
    "pk": 7,
    "fields": {
        "tipo": "moto",
        "matricula": "CC 3163 VT",
        "peso": 2255.61,
        "marca": "Fßbrica Castellana S.L.L.",
        "cliente": []
    }
},
{
    "model": "camping.vehiculo",
    "pk": 8,
    "fields": {
        "tipo": "coche",
        "matricula": "MU 9642 IM",
        "peso": 2283.78,
        "marca": "Despacho Caro S.L.",
        "cliente": []
    }
},
{
    "model": "camping.vehiculo",
    "pk": 9,
    "fields": {
        "tipo": "caravana",
        "matricula": "0084 DNL",
        "peso": 1183.12,
        "marca": "Salmer¾n & Asociados S.A.",
        "cliente": [
            4
        ]
    }
},
{
    "model": "camping.vehiculo",
    "pk": 10,
    "fields": {
        "tipo": "coche",
        "matricula": "8284 CPH",
        "peso": 543.9,
        "marca": "Alimentaci¾n Inteligentes S.A.",
        "cliente": []
    }
},
{
    "model": "camping.vehiculo",
    "pk": 11,
    "fields": {
        "tipo": "coche",
        "matricula": "BA 1828 VP",
        "peso": 1180.38,
        "marca": "Transportes del Noroeste S.L.",
        "cliente": []
    }
},
{
    "model": "camping.vehiculo",
    "pk": 12,
    "fields": {
        "tipo": "coche",
        "matricula": "LO 1742 EE",
        "peso": 771.8,
        "marca": "Hnos Cisneros S.L.N.E",
        "cliente": [
            5
        ]
    }
},
{
    "model": "camping.vehiculo",
    "pk": 13,
    "fields": {
        "tipo": "caravana",
        "matricula": "SO 9077 DX",
        "peso": 3483.89,
        "marca": "Juanito Arroyo Campos S.A.",
        "cliente": [
            6
        ]
    }
},
{
    "model": "camping.vehiculo",
    "pk": 14,
    "fields": {
        "tipo": "moto",
        "matricula": "AB 9798 BN",
        "peso": 1314.06,
        "marca": "Soluciones Peinado y asociados S.L.",
        "cliente": []
    }
},
{
    "model": "camping.vehiculo",
    "pk": 15,
    "fields": {
        "tipo": "coche",
        "matricula": "Z 1038 HB",
        "peso": 1170.57,
        "marca": "Promociones Inteligentes S.Coop.",
        "cliente": []
    }
},
{
    "model": "camping.vehiculo",
    "pk": 16,
    "fields": {
        "tipo": "moto",
        "matricula": "7738 HYC",
        "peso": 2203.71,
        "marca": "Banca Privada Espa±olas S.L.L.",
        "cliente": [
            7
        ]
    }
},
{
    "model": "camping.vehiculo",
    "pk": 17,
    "fields": {
        "tipo": "coche",
        "matricula": "4796 CKR",
        "peso": 1357.21,
        "marca": "Restauraci¾n Requena S.A.",
        "cliente": []
    }
},
{
    "model": "camping.vehiculo",
    "pk": 18,
    "fields": {
        "tipo": "coche",
        "matricula": "4892 JCG",
        "peso": 1049.95,
        "marca": "Hnos Ferrßn S.A.",
        "cliente": []
    }
},
{
    "model": "camping.vehiculo",
    "pk": 19,
    "fields": {
        "tipo": "coche",
        "matricula": "6033 VVN",
        "peso": 1593.5,
        "marca": "Suministros Espa±olas S.L.L.",
        "cliente": [
            8
        ]
    }
},
{
    "model": "camping.vehiculo",
    "pk": 20,
    "fields": {
        "tipo": "moto",
        "matricula": "4727 CCK",
        "peso": 2197.79,
        "marca": "Hermanos Salamanca S.L.",
        "cliente": []
    }
},
{
    "model": "camping.vehiculo",
    "pk": 21,
    "fields": {
        "tipo": "caravana",
        "matricula": "SE 7079 AX",
        "peso": 846.96,
        "marca": "Banco JSEN S.A.D",
        "cliente": []
    }
},
{
    "model": "camping.vehiculo",
    "pk": 22,
    "fields": {
        "tipo": "caravana",
        "matricula": "2396 KTV",
        "peso": 3493.37,
        "marca": "Alfaro y asociados S.Coop.",
        "cliente": [
            9
        ]
    }
},
{
    "model": "camping.vehiculo",
    "pk": 23,
    "fields": {
        "tipo": "moto",
        "matricula": "3184 GJK",
        "peso": 752.89,
        "marca": "MinerÝa Mir y asociados S.Com.",
        "cliente": [
            10
        ]
    }
},
{
    "model": "camping.vehiculo",
    "pk": 24,
    "fields": {
        "tipo": "coche",
        "matricula": "4922 GDZ",
        "peso": 2675.81,
        "marca": "Instalaciones Casas S.L.",
        "cliente": [
            11
        ]
    }
},
{
    "model": "camping.vehiculo",
    "pk": 25,
    "fields": {
        "tipo": "moto",
        "matricula": "PM 1342 HY",
        "peso": 1477.38,
        "marca": "Pina y Suarez S.L.",
        "cliente": []
    }
},
{
    "model": "camping.vehiculo",
    "pk": 26,
    "fields": {
        "tipo": "moto",
        "matricula": "TO 0694 MW",
        "peso": 1656.9,
        "marca": "Restauraci¾n QG S.L.",
        "cliente": []
    }
},
{
    "model": "camping.vehiculo",
    "pk": 27,
    "fields": {
        "tipo": "moto",
        "matricula": "4994 LDC",
        "peso": 1961.5,
        "marca": "Desarrollo Manuel S.L.N.E",
        "cliente": [
            12
        ]
    }
},
{
    "model": "camping.vehiculo",
    "pk": 28,
    "fields": {
        "tipo": "caravana",
        "matricula": "9521 YYL",
        "peso": 3044.44,
        "marca": "Jose Angel Vega Sola S.Coop.",
        "cliente": [
            13
        ]
    }
},
{
    "model": "camping.vehiculo",
    "pk": 29,
    "fields": {
        "tipo": "coche",
        "matricula": "2006 WXP",
        "peso": 2859.41,
        "marca": "Castrillo y Perea S.Com.",
        "cliente": []
    }
},
{
    "model": "camping.vehiculo",
    "pk": 30,
    "fields": {
        "tipo": "coche",
        "matricula": "NA 8940 YP",
        "peso": 1171.16,
        "marca": "Bastida & Asociados S.A.T.",
        "cliente": []
    }
},
{
    "model": "camping.vehiculo",
    "pk": 31,
    "fields": {
        "tipo": "moto",
        "matricula": "0375 MDF",
        "peso": 1282.39,
        "marca": "DomÚnech y asociados S.Com.",
        "cliente": [
            14
        ]
    }
},
{
    "model": "camping.vehiculo",
    "pk": 32,
    "fields": {
        "tipo": "coche",
        "matricula": "VA 1864 NG",
        "peso": 853.61,
        "marca": "Servicios BQZK S.Coop.",
        "cliente": []
    }
},
{
    "model": "camping.vehiculo",
    "pk": 33,
    "fields": {
        "tipo": "moto",
        "matricula": "3620 KFN",
        "peso": 1876.97,
        "marca": "Varela & Asociados S.Coop.",
        "cliente": [
            15
        ]
    }
},
{
    "model": "camping.vehiculo",
    "pk": 34,
    "fields": {
        "tipo": "coche",
        "matricula": "ML 7498 IC",
        "peso": 2297.4,
        "marca": "Despacho FV S.C.P",
        "cliente": []
    }
},
{
    "model": "camping.vehiculo",
    "pk": 35,
    "fields": {
        "tipo": "caravana",
        "matricula": "6382 CRK",
        "peso": 1644.71,
        "marca": "ArÚvalo y asociados S.Com.",
        "cliente": []
    }
},
{
    "model": "camping.vehiculo",
    "pk": 36,
    "fields": {
        "tipo": "coche",
        "matricula": "H 7639 HA",
        "peso": 1381.06,
        "marca": "Comercial Castellana S.A.D",
        "cliente": [
            16
        ]
    }
},
{
    "model": "camping.vehiculo",
    "pk": 37,
    "fields": {
        "tipo": "caravana",
        "matricula": "0466 LMN",
        "peso": 3278.74,
        "marca": "Supermercados Delgado y asociados S.L.L.",
        "cliente": []
    }
},
{
    "model": "camping.vehiculo",
    "pk": 38,
    "fields": {
        "tipo": "moto",
        "matricula": "9815 NVZ",
        "peso": 1371.34,
        "marca": "Familia Bßez S.L.",
        "cliente": []
    }
},
{
    "model": "camping.vehiculo",
    "pk": 39,
    "fields": {
        "tipo": "coche",
        "matricula": "LE 6898 AW",
        "peso": 2417.51,
        "marca": "Nu±ez & Asociados S.L.N.E",
        "cliente": [
            18
        ]
    }
},
{
    "model": "camping.vehiculo",
    "pk": 40,
    "fields": {
        "tipo": "caravana",
        "matricula": "0875 ZYR",
        "peso": 1175.13,
        "marca": "Fausto Rojas VÚlez S.L.L.",
        "cliente": []
    }
},
{
    "model": "camping.vehiculo",
    "pk": 41,
    "fields": {
        "tipo": "moto",
        "matricula": "9881 CND",
        "peso": 976.76,
        "marca": "┴ngel & Asociados S.Coop.",
        "cliente": [
            19
        ]
    }
},
{
    "model": "camping.vehiculo",
    "pk": 42,
    "fields": {
        "tipo": "caravana",
        "matricula": "AL 4574 GS",
        "peso": 1203.17,
        "marca": "Clavero y asociados S.A.",
        "cliente": []
    }
},
{
    "model": "camping.vehiculo",
    "pk": 43,
    "fields": {
        "tipo": "moto",
        "matricula": "8834 DMD",
        "peso": 1441.43,
        "marca": "Suministros IbÚrica S.L.L.",
        "cliente": [
            20
        ]
    }
},
{
    "model": "camping.vehiculo",
    "pk": 44,
    "fields": {
        "tipo": "moto",
        "matricula": "Z 4495 WI",
        "peso": 1114.02,
        "marca": "Manzanares & Asociados S.L.",
        "cliente": []
    }
},
{
    "model": "camping.vehiculo",
    "pk": 45,
    "fields": {
        "tipo": "coche",
        "matricula": "4158 FTC",
        "peso": 1444.9,
        "marca": "Juana Noriega Pol S.L.N.E",
        "cliente": []
    }
},
{
    "model": "camping.vehiculo",
    "pk": 46,
    "fields": {
        "tipo": "caravana",
        "matricula": "6395 FGV",
        "peso": 3227.01,
        "marca": "Transportes Avanzadas S.L.L.",
        "cliente": [
            21
        ]
    }
},
{
    "model": "camping.vehiculo",
    "pk": 47,
    "fields": {
        "tipo": "coche",
        "matricula": "1792 YXC",
        "peso": 2416.31,
        "marca": "Alvarez y Botella S.A.",
        "cliente": [
            22
        ]
    }
},
{
    "model": "camping.vehiculo",
    "pk": 48,
    "fields": {
        "tipo": "coche",
        "matricula": "LU 6796 HZ",
        "peso": 3372.4,
        "marca": "Miriam Gaya Gasc¾n S.Coop.",
        "cliente": [
            24
        ]
    }
},
{
    "model": "camping.vehiculo",
    "pk": 49,
    "fields": {
        "tipo": "moto",
        "matricula": "LE 1821 ME",
        "peso": 2360.31,
        "marca": "Suarez y Alba S.L.",
        "cliente": []
    }
},
{
    "model": "camping.vehiculo",
    "pk": 50,
    "fields": {
        "tipo": "coche",
        "matricula": "Z 8662 MO",
        "peso": 657.19,
        "marca": "Suministros YIN S.L.L.",
        "cliente": [
            25
        ]
    }
},
{
    "model": "camping.vehiculo",
    "pk": 51,
    "fields": {
        "tipo": "moto",
        "matricula": "LU 7275 FH",
        "peso": 2064.85,
        "marca": "MinerÝa IbÚricos S.L.N.E",
        "cliente": [
            26
        ]
    }
},
{
    "model": "camping.vehiculo",
    "pk": 52,
    "fields": {
        "tipo": "coche",
        "matricula": "5029 SPR",
        "peso": 3030.77,
        "marca": "Alonso & Asociados S.A.D",
        "cliente": []
    }
},
{
    "model": "camping.vehiculo",
    "pk": 53,
    "fields": {
        "tipo": "coche",
        "matricula": "2881 BCR",
        "peso": 3237.97,
        "marca": "Exp¾sito y Bonilla S.Com.",
        "cliente": []
    }
},
{
    "model": "camping.vehiculo",
    "pk": 54,
    "fields": {
        "tipo": "coche",
        "matricula": "ML 6070 VW",
        "peso": 2571.16,
        "marca": "Fabregat y AndrÚs S.L.N.E",
        "cliente": [
            28
        ]
    }
},
{
    "model": "camping.vehiculo",
    "pk": 55,
    "fields": {
        "tipo": "coche",
        "matricula": "J 3099 TM",
        "peso": 1395.65,
        "marca": "Construcci¾n XILI S.Com.",
        "cliente": []
    }
},
{
    "model": "camping.vehiculo",
    "pk": 56,
    "fields": {
        "tipo": "coche",
        "matricula": "TO 6180 GT",
        "peso": 1207.01,
        "marca": "Familia Pedraza S.L.N.E",
        "cliente": [
            29
        ]
    }
},
{
    "model": "camping.vehiculo",
    "pk": 57,
    "fields": {
        "tipo": "coche",
        "matricula": "GU 4452 NB",
        "peso": 2562.81,
        "marca": "Pedro Landa Varela S.L.",
        "cliente": [
            31
        ]
    }
},
{
    "model": "camping.vehiculo",
    "pk": 58,
    "fields": {
        "tipo": "coche",
        "matricula": "7309 YVH",
        "peso": 608.98,
        "marca": "Industrias Martinez & Asociados S.Com.",
        "cliente": []
    }
},
{
    "model": "camping.vehiculo",
    "pk": 59,
    "fields": {
        "tipo": "caravana",
        "matricula": "GI 9938 BC",
        "peso": 2362.5,
        "marca": "Promociones Castellanos S.C.P",
        "cliente": []
    }
},
{
    "model": "camping.vehiculo",
    "pk": 60,
    "fields": {
        "tipo": "moto",
        "matricula": "NA 6955 BP",
        "peso": 1945.19,
        "marca": "Industrias CQ S.Coop.",
        "cliente": [
            32
        ]
    }
},
{
    "model": "camping.vehiculo",
    "pk": 61,
    "fields": {
        "tipo": "caravana",
        "matricula": "2123 MMF",
        "peso": 2810.98,
        "marca": "Fßbrica EI S.L.",
        "cliente": []
    }
},
{
    "model": "camping.vehiculo",
    "pk": 62,
    "fields": {
        "tipo": "caravana",
        "matricula": "VI 2262 CF",
        "peso": 2699.98,
        "marca": "Suministros Solsona S.L.",
        "cliente": [
            33
        ]
    }
},
{
    "model": "camping.vehiculo",
    "pk": 63,
    "fields": {
        "tipo": "coche",
        "matricula": "8378 PZN",
        "peso": 1822.57,
        "marca": "Grupo Garrido S.L.U.",
        "cliente": [
            34
        ]
    }
},
{
    "model": "camping.vehiculo",
    "pk": 64,
    "fields": {
        "tipo": "coche",
        "matricula": "8694 RKV",
        "peso": 1429.51,
        "marca": "Banco Palacios & Asociados S.L.",
        "cliente": []
    }
},
{
    "model": "camping.vehiculo",
    "pk": 65,
    "fields": {
        "tipo": "moto",
        "matricula": "5314 FCY",
        "peso": 1856.79,
        "marca": "Jenny Esteve Abellßn S.L.",
        "cliente": [
            35
        ]
    }
},
{
    "model": "camping.vehiculo",
    "pk": 66,
    "fields": {
        "tipo": "coche",
        "matricula": "5297 MPZ",
        "peso": 1537.05,
        "marca": "Calvet y Alarc¾n S.A.",
        "cliente": []
    }
},
{
    "model": "camping.vehiculo",
    "pk": 67,
    "fields": {
        "tipo": "coche",
        "matricula": "4797 LLC",
        "peso": 2216.43,
        "marca": "Inversiones Chaparro y asociados S.A.",
        "cliente": [
            36
        ]
    }
},
{
    "model": "camping.vehiculo",
    "pk": 68,
    "fields": {
        "tipo": "caravana",
        "matricula": "1731 YRX",
        "peso": 1029.08,
        "marca": "Soluciones LP S.A.",
        "cliente": []
    }
},
{
    "model": "camping.vehiculo",
    "pk": 69,
    "fields": {
        "tipo": "coche",
        "matricula": "CU 8166 WS",
        "peso": 2328.62,
        "marca": "Construcci¾n Llad¾ y asociados S.A.",
        "cliente": [
            37
        ]
    }
},
{
    "model": "camping.vehiculo",
    "pk": 70,
    "fields": {
        "tipo": "caravana",
        "matricula": "PM 9408 FK",
        "peso": 2857.85,
        "marca": "Josep Aparicio Leiva S.L.",
        "cliente": [
            38
        ]
    }
},
{
    "model": "camping.vehiculo",
    "pk": 71,
    "fields": {
        "tipo": "caravana",
        "matricula": "CA 6429 NO",
        "peso": 2635.14,
        "marca": "Familia Marti S.A.",
        "cliente": []
    }
},
{
    "model": "camping.vehiculo",
    "pk": 72,
    "fields": {
        "tipo": "coche",
        "matricula": "LO 1947 IY",
        "peso": 3496.24,
        "marca": "Grupo Baeza S.L.L.",
        "cliente": []
    }
},
{
    "model": "camping.vehiculo",
    "pk": 73,
    "fields": {
        "tipo": "coche",
        "matricula": "9205 LJR",
        "peso": 2868.98,
        "marca": "Banco Agudo y asociados S.C.P",
        "cliente": [
            39
        ]
    }
},
{
    "model": "camping.vehiculo",
    "pk": 74,
    "fields": {
        "tipo": "coche",
        "matricula": "TO 3880 TL",
        "peso": 1130.92,
        "marca": "Heras y Carrasco S.Com.",
        "cliente": [
            40
        ]
    }
},
{
    "model": "camping.vehiculo",
    "pk": 75,
    "fields": {
        "tipo": "caravana",
        "matricula": "6269 GCC",
        "peso": 1103.75,
        "marca": "YÚssica Aroca Borrego S.Com.",
        "cliente": []
    }
},
{
    "model": "camping.vehiculo",
    "pk": 76,
    "fields": {
        "tipo": "coche",
        "matricula": "CR 6839 CU",
        "peso": 2741.11,
        "marca": "Moya y Llobet S.L.",
        "cliente": [
            41
        ]
    }
},
{
    "model": "camping.vehiculo",
    "pk": 77,
    "fields": {
        "tipo": "coche",
        "matricula": "GU 6483 AK",
        "peso": 1576.75,
        "marca": "Grupo J¾dar S.Com.",
        "cliente": [
            43
        ]
    }
},
{
    "model": "camping.vehiculo",
    "pk": 78,
    "fields": {
        "tipo": "caravana",
        "matricula": "9503 WXT",
        "peso": 3379.21,
        "marca": "TecnologÝas Rosell S.L.U.",
        "cliente": []
    }
},
{
    "model": "camping.vehiculo",
    "pk": 79,
    "fields": {
        "tipo": "moto",
        "matricula": "MA 5696 MV",
        "peso": 2278.01,
        "marca": "Cantero & Asociados S.A.",
        "cliente": [
            44
        ]
    }
},
{
    "model": "camping.vehiculo",
    "pk": 80,
    "fields": {
        "tipo": "moto",
        "matricula": "7859 HDY",
        "peso": 1121.2,
        "marca": "Casanovas y Azorin S.Com.",
        "cliente": []
    }
},
{
    "model": "camping.vehiculo",
    "pk": 81,
    "fields": {
        "tipo": "coche",
        "matricula": "OR 1596 DD",
        "peso": 978.47,
        "marca": "Finanzas Integrales S.Com.",
        "cliente": [
            45
        ]
    }
},
{
    "model": "camping.actividad",
    "pk": 1,
    "fields": {
        "nombre": "derecho",
        "descripcion": "Santa casi nuestros polÝticas nosotros capital. Especie ·ltimos sur lleva sea partir plaza peso. Marzo libro allÝ hora.",
        "cupo": 12,
        "precio": 44.690332000117714,
        "requiere_material": false
    }
},
{
    "model": "camping.actividad",
    "pk": 2,
    "fields": {
        "nombre": "viejo",
        "descripcion": "AmÚrica ante sangre.\nInstituciones usted hemos futuro muerto encima. Primer orden encuentran.",
        "cupo": 25,
        "precio": 37.372059472614225,
        "requiere_material": false
    }
},
{
    "model": "camping.actividad",
    "pk": 3,
    "fields": {
        "nombre": "serie",
        "descripcion": "Camino fecha luz ex. Imßgenes semana programa puesto buen economÝa sean.\nPasado calle ii cerca presidente mar quÚ. EjÚrcito tengo pasa parÝs he usted actual existen.",
        "cupo": 11,
        "precio": 9.701038542735295,
        "requiere_material": false
    }
},
{
    "model": "camping.actividad",
    "pk": 4,
    "fields": {
        "nombre": "anterior",
        "descripcion": "Julio tÚcnica por. Administraci¾n gran centro.\nElla estado junio evitar falta com·n. Relaciones fuentes informe relaci¾n.",
        "cupo": 6,
        "precio": 25.147795766980714,
        "requiere_material": true
    }
},
{
    "model": "camping.actividad",
    "pk": 5,
    "fields": {
        "nombre": "partir",
        "descripcion": "Cuyo p·blica f·tbol dios banco recursos. Semanas deben etc blanca.\nFiscal nuevo poblaci¾n pocos curso rÝo donde esas. Es hijo sus mil b quienes.\nBaja mientras bajo social etapa riesgo.",
        "cupo": 23,
        "precio": 29.42534937813313,
        "requiere_material": false
    }
},
{
    "model": "camping.actividad",
    "pk": 6,
    "fields": {
        "nombre": "un",
        "descripcion": "Se±al¾ raz¾n regi¾n mismo oficial vez vivir. Algunas varios podÝa apenas cßmara objetivo mi explic¾.\nCasos josÚ debido puerta. Nuestra encontrar ve considera quiero cargo.",
        "cupo": 26,
        "precio": 44.978130953372236,
        "requiere_material": false
    }
},
{
    "model": "camping.actividad",
    "pk": 7,
    "fields": {
        "nombre": "qued¾",
        "descripcion": "Todas animales principios paÝs luis nosotros.\nAcci¾n imßgenes ante podemos. Actividad tres comenz¾ texto proyecto.",
        "cupo": 10,
        "precio": 35.0426778825083,
        "requiere_material": false
    }
},
{
    "model": "camping.actividad",
    "pk": 8,
    "fields": {
        "nombre": "silencio",
        "descripcion": "Informe libertad construcci¾n tomar polÝtico modo mi. Ambiente no sistema presente hablar futuro diversas. Cosas mejores s dijo plaza acto.",
        "cupo": 12,
        "precio": 9.478031532079196,
        "requiere_material": true
    }
},
{
    "model": "camping.actividad",
    "pk": 9,
    "fields": {
        "nombre": "san",
        "descripcion": "Cabeza aquÝ libro domingo. Junio trata posible entre a±o obstante pregunta.\nMßs salir aumento camino. Cama baja deja lado.",
        "cupo": 26,
        "precio": 27.06625932877241,
        "requiere_material": true
    }
},
{
    "model": "camping.actividad",
    "pk": 10,
    "fields": {
        "nombre": "humano",
        "descripcion": "Alg·n te causa autor coraz¾n palabra juego. Opini¾n me con diciembre recursos tarde. C¾mo antes sentido rodrÝguez busca.",
        "cupo": 2,
        "precio": 30.682920829494986,
        "requiere_material": false
    }
},
{
    "model": "camping.actividad",
    "pk": 11,
    "fields": {
        "nombre": "economÝa",
        "descripcion": "Otra mßs mismo precisamente. Hecho noche estoy econ¾mico frente favor veces. Modelo siguientes arte.\nU tanto total arriba obra. Luz francia tambiÚn participaci¾n varios.",
        "cupo": 17,
        "precio": 40.448246308690514,
        "requiere_material": false
    }
},
{
    "model": "camping.actividad",
    "pk": 12,
    "fields": {
        "nombre": "origen",
        "descripcion": "Empresas seg·n comenz¾ siguientes proyecto llega.\nQuien expresi¾n voy ahÝ intereses informaci¾n importancia. S unidad diversas.\nTendrß doctor ßrea ver.",
        "cupo": 20,
        "precio": 41.69683682825815,
        "requiere_material": false
    }
},
{
    "model": "camping.actividad",
    "pk": 13,
    "fields": {
        "nombre": "hechos",
        "descripcion": "Real menor ademßs. Cara siguiente armas congreso cuba demasiado. Felipe popular martÝn energÝa espa±ola t· siete tierra.\nTres sabÝa se ocasiones s¾lo fecha.",
        "cupo": 20,
        "precio": 7.085528444508377,
        "requiere_material": false
    }
},
{
    "model": "camping.actividad",
    "pk": 14,
    "fields": {
        "nombre": "asociaci¾n",
        "descripcion": "Has primer ejÚrcito. Humana pone serßn espa±ol encontrar travÚs. Principales noviembre pp.\nPrincipios gente verdad buenos n programa ello. Contenido estoy teorÝa ello prueba. Asimismo podÝa sea obra.",
        "cupo": 1,
        "precio": 49.08893417009314,
        "requiere_material": true
    }
},
{
    "model": "camping.actividad",
    "pk": 15,
    "fields": {
        "nombre": "llegado",
        "descripcion": "Derecho mirada socialista carrera de posible.\nU claro diez dej¾ sectores opini¾n hombre ·ltima. Enfermedad tanto objeto varias.",
        "cupo": 24,
        "precio": 22.833682206838805,
        "requiere_material": false
    }
},
{
    "model": "camping.actividad",
    "pk": 16,
    "fields": {
        "nombre": "lleva",
        "descripcion": "Espacio vida demasiado semanas cambio. Familia forma mundo efecto pensar.\nFigura sentido hubo noviembre. Ambos ejÚrcito mitad pueda.",
        "cupo": 14,
        "precio": 47.63408908264479,
        "requiere_material": true
    }
},
{
    "model": "camping.actividad",
    "pk": 17,
    "fields": {
        "nombre": "lado",
        "descripcion": "Obra problema n poblaci¾n debÝa. Asunto realidad conseguir largo mujer fuera. Mil ya habrß com·n destino cuarto resulta.",
        "cupo": 20,
        "precio": 27.057862586380967,
        "requiere_material": true
    }
},
{
    "model": "camping.actividad",
    "pk": 18,
    "fields": {
        "nombre": "derechos",
        "descripcion": "Otro j nunca. Tema lucha aspecto viaje.\nAdemßs internacional imposible entrar. Lleva francia contra p·blico millones estaba dio. En prensa han tres ejÚrcito policÝa cuya capital.",
        "cupo": 7,
        "precio": 34.388533000942644,
        "requiere_material": false
    }
},
{
    "model": "camping.actividad",
    "pk": 19,
    "fields": {
        "nombre": "usted",
        "descripcion": "Fueron p·blica palabras carlos ·ltimo derechos. Seguridad actitud bajo la enero primeras universidad marco.\nVan a·n buena primeros eso tales aire.",
        "cupo": 17,
        "precio": 6.9454755738527405,
        "requiere_material": true
    }
},
{
    "model": "camping.actividad",
    "pk": 20,
    "fields": {
        "nombre": "nueva",
        "descripcion": "Vino esfuerzo parece problema peque±o llamado. Centros hacia mayor busca. Cine alto ocasi¾n congreso crisis viene investigaci¾n.",
        "cupo": 3,
        "precio": 30.87854190488688,
        "requiere_material": true
    }
},
{
    "model": "camping.actividad",
    "pk": 21,
    "fields": {
        "nombre": "largo",
        "descripcion": "Jefe han puerto hasta ha televisi¾n estudio. Mujer expresi¾n fuera universidad poco deja dÝa. Medio favor para trabajar alrededor lleg¾ dej¾.",
        "cupo": 8,
        "precio": 37.935487935845856,
        "requiere_material": false
    }
},
{
    "model": "camping.actividad",
    "pk": 22,
    "fields": {
        "nombre": "u",
        "descripcion": "Tiene domingo pesetas expresi¾n.\nRiesgo empresa programa zonas cuarto carne momentos alta. Alguna mayores niveles ciudad carrera existencia asÝ. Capacidad particular razones banco han militar quiere.",
        "cupo": 2,
        "precio": 21.84935924925804,
        "requiere_material": true
    }
},
{
    "model": "camping.actividad",
    "pk": 23,
    "fields": {
        "nombre": "serÝa",
        "descripcion": "Esos mar personas toma. Allß otras cuesti¾n espa±a he carrera luz volver.\nConocimiento considera parÝs buena marÝa a±o. Ni bien esas hacen sea.",
        "cupo": 14,
        "precio": 20.987569075225238,
        "requiere_material": true
    }
},
{
    "model": "camping.actividad",
    "pk": 24,
    "fields": {
        "nombre": "consecuencia",
        "descripcion": "Soluci¾n junio teatro pacientes. Vez ex cabo. Duda p junio coraz¾n otras don boca. N·mero interÚs policÝa aspecto s.\nDa sociales sus particular fin ciudad. Seg·n ministerio mis realidad rey aquella.",
        "cupo": 23,
        "precio": 41.332503846953244,
        "requiere_material": true
    }
},
{
    "model": "camping.actividad",
    "pk": 25,
    "fields": {
        "nombre": "a",
        "descripcion": "Explic¾ buscar favor van cuarto pronto hacÝa. Viaje tierra ese solamente favor medida.\nAtenci¾n escuela principios asÝ alta expresi¾n.",
        "cupo": 19,
        "precio": 40.765234109085,
        "requiere_material": true
    }
},
{
    "model": "camping.actividad",
    "pk": 26,
    "fields": {
        "nombre": "siguientes",
        "descripcion": "Presencia movimiento mano josÚ todo rafael se±al¾. Junto pasar cultura derechos soluci¾n somos posibilidades. Al solamente lucha cuadro ßrea entrada.\nDebe pasa mundial debÝa.",
        "cupo": 9,
        "precio": 48.033264704694425,
        "requiere_material": true
    }
},
{
    "model": "camping.actividad",
    "pk": 27,
    "fields": {
        "nombre": "se±ora",
        "descripcion": "Millones central padre respecto. Espa±a al tras claro somos semanas aspecto.\nMinistro aun voluntad mejor hora personas.\nCompa±Ýa total mayorÝa. MÚxico m fuego con diferentes.",
        "cupo": 7,
        "precio": 13.92518877457886,
        "requiere_material": true
    }
},
{
    "model": "camping.actividad",
    "pk": 28,
    "fields": {
        "nombre": "plaza",
        "descripcion": "B direcci¾n contrario querÝa. Medida sistemas sector cuba mÚxico fuerte. Usted has papel mayor cambio.\nManuel viaje creaci¾n llegar paso. Tras ·nica blanco.",
        "cupo": 18,
        "precio": 36.468545713614844,
        "requiere_material": false
    }
},
{
    "model": "camping.actividad",
    "pk": 29,
    "fields": {
        "nombre": "qued¾",
        "descripcion": "Toda tendrß ciudad dicho gente libre. Director entre riesgo toda g largo necesidad mundial.",
        "cupo": 15,
        "precio": 44.33363048227786,
        "requiere_material": true
    }
},
{
    "model": "camping.actividad",
    "pk": 30,
    "fields": {
        "nombre": "aquellas",
        "descripcion": "Duda ayer paz diversas aire. Posible modelo contra a±os generales metros tÚcnica luz. Unidos bueno producto futuro.",
        "cupo": 18,
        "precio": 5.051141353313748,
        "requiere_material": false
    }
},
{
    "model": "camping.actividad",
    "pk": 31,
    "fields": {
        "nombre": "econ¾mica",
        "descripcion": "Revoluci¾n que ojos donde creo. Pueda material piel fuego dan.\nMenos ocasiones primero socialista. Quien f·tbol revoluci¾n estudios.",
        "cupo": 30,
        "precio": 46.39016352444688,
        "requiere_material": false
    }
},
{
    "model": "camping.actividad",
    "pk": 32,
    "fields": {
        "nombre": "miedo",
        "descripcion": "Mes carne especial dan pasa ello socialista. Aumento cuesti¾n parÝs hacia encuentro ella vamos. Camino habÝa especial reuni¾n exterior posibilidad ciencia. Salir tipo podrÝa otro.",
        "cupo": 3,
        "precio": 11.242114735386718,
        "requiere_material": true
    }
},
{
    "model": "camping.actividad",
    "pk": 33,
    "fields": {
        "nombre": "primeros",
        "descripcion": "Sino cuya cuatro recuerdo recuerdo hombres cuba. Centro ese historia principio solamente participaci¾n pie. Electoral partidos Úl.",
        "cupo": 19,
        "precio": 40.7216675641145,
        "requiere_material": false
    }
},
{
    "model": "camping.actividad",
    "pk": 34,
    "fields": {
        "nombre": "has",
        "descripcion": "Regi¾n vio final segunda eran fuerza. Uni¾n mundo ning·n intereses. Ideas bastante rep·blica conocimiento pregunta.\nAspecto tambiÚn material saber. Premio tratamiento dej¾.",
        "cupo": 24,
        "precio": 48.963893824311974,
        "requiere_material": false
    }
},
{
    "model": "camping.actividad",
    "pk": 35,
    "fields": {
        "nombre": "encuentro",
        "descripcion": "Barcelona mßs mejor internacional argentina amigos. Frente seg·n democracia. DÝas otras corte cinco.",
        "cupo": 14,
        "precio": 30.186930699163295,
        "requiere_material": true
    }
},
{
    "model": "camping.actividad",
    "pk": 36,
    "fields": {
        "nombre": "debÝa",
        "descripcion": "Raz¾n principio pelÝcula actividad. Prßctica todavÝa atrßs marcha hasta imßgenes.\nSol habÝan n.\nProblemas llegado derechos concepto peque±o ministerio baja. Hacer desde grupos de voz.",
        "cupo": 13,
        "precio": 33.42990155814425,
        "requiere_material": true
    }
},
{
    "model": "camping.actividad",
    "pk": 37,
    "fields": {
        "nombre": "unidos",
        "descripcion": "Hacen derecho tienen. Madre ministerio prensa hermano. Todo estamos peque±o universidad libros tal tipos.\nUno dicho informaci¾n tampoco difÝcil cuanto. Centro mÝ queda.",
        "cupo": 26,
        "precio": 17.86367725636063,
        "requiere_material": false
    }
},
{
    "model": "camping.actividad",
    "pk": 38,
    "fields": {
        "nombre": "cabo",
        "descripcion": "Arriba trabajar curso encontrar. Propios nueva cierto justicia viene coraz¾n.\nSiendo cada tenÝa cierto deben estilo allÝ. SerÝa carne principios toda buen.",
        "cupo": 4,
        "precio": 7.914681163217956,
        "requiere_material": false
    }
},
{
    "model": "camping.actividad",
    "pk": 39,
    "fields": {
        "nombre": "donde",
        "descripcion": "Actitud presenta serß pablo iglesia. Actual imßgenes siquiera Úl juez lo dinero. Primer naturaleza cosa sala se±or nacional.",
        "cupo": 27,
        "precio": 6.70093088184966,
        "requiere_material": true
    }
},
{
    "model": "camping.actividad",
    "pk": 40,
    "fields": {
        "nombre": "siendo",
        "descripcion": "Supuesto pensar lucha santiago voz prßctica permite. Puede c precios corte. Qued¾ libertad derechos concepto propio sectores. Tengo verdad carta santiago econ¾mico asociaci¾n.",
        "cupo": 14,
        "precio": 40.45414192328836,
        "requiere_material": false
    }
},
{
    "model": "camping.reserva",
    "pk": 1,
    "fields": {
        "cliente": 1,
        "parcela": 16,
        "fecha_inicio": "2025-10-05",
        "fecha_fin": "2025-10-31",
        "actividades": [
            4,
            10
        ]
    }
},
{
    "model": "camping.reserva",
    "pk": 2,
    "fields": {
        "cliente": 1,
        "parcela": 28,
        "fecha_inicio": "2025-08-19",
        "fecha_fin": "2025-09-04",
        "actividades": []
    }
},
{
    "model": "camping.reserva",
    "pk": 3,
    "fields": {
        "cliente": 1,
        "parcela": 38,
        "fecha_inicio": "2025-04-13",
        "fecha_fin": "2025-08-30",
        "actividades": [
            8,
            10
        ]
    }
},
{
    "model": "camping.reserva",
    "pk": 4,
    "fields": {
        "cliente": 2,
        "parcela": 31,
        "fecha_inicio": "2025-07-06",
        "fecha_fin": "2025-10-09",
        "actividades": [
            2,
            4,
            6,
            9,
            10
        ]
    }
},
{
    "model": "camping.reserva",
    "pk": 5,
    "fields": {
        "cliente": 2,
        "parcela": 40,
        "fecha_inicio": "2025-06-02",
        "fecha_fin": "2025-08-27",
        "actividades": [
            2,
            3,
            4,
            8,
            10
        ]
    }
},
{
    "model": "camping.reserva",
    "pk": 6,
    "fields": {
        "cliente": 2,
        "parcela": 42,
        "fecha_inicio": "2025-08-05",
        "fecha_fin": "2025-08-18",
        "actividades": [
            4,
            6,
            7,
            9
        ]
    }
},
{
    "model": "camping.reserva",
    "pk": 7,
    "fields": {
        "cliente": 3,
        "parcela": 11,
        "fecha_inicio": "2025-04-04",
        "fecha_fin": "2025-06-05",
        "actividades": [
            3,
            7,
            8,
            10
        ]
    }
},
{
    "model": "camping.reserva",
    "pk": 8,
    "fields": {
        "cliente": 3,
        "parcela": 39,
        "fecha_inicio": "2025-02-22",
        "fecha_fin": "2025-03-17",
        "actividades": [
            3,
            4,
            10
        ]
    }
},
{
    "model": "camping.reserva",
    "pk": 9,
    "fields": {
        "cliente": 4,
        "parcela": 13,
        "fecha_inicio": "2025-10-19",
        "fecha_fin": "2025-10-27",
        "actividades": []
    }
},
{
    "model": "camping.reserva",
    "pk": 10,
    "fields": {
        "cliente": 5,
        "parcela": 3,
        "fecha_inicio": "2025-05-11",
        "fecha_fin": "2025-08-27",
        "actividades": [
            1,
            3,
            4,
            10
        ]
    }
},
{
    "model": "camping.reserva",
    "pk": 11,
    "fields": {
        "cliente": 5,
        "parcela": 4,
        "fecha_inicio": "2025-05-02",
        "fecha_fin": "2025-10-02",
        "actividades": [
            3,
            4
        ]
    }
},
{
    "model": "camping.reserva",
    "pk": 12,
    "fields": {
        "cliente": 5,
        "parcela": 24,
        "fecha_inicio": "2025-06-25",
        "fecha_fin": "2025-07-16",
        "actividades": [
            3,
            4,
            5,
            6,
            8
        ]
    }
},
{
    "model": "camping.reserva",
    "pk": 13,
    "fields": {
        "cliente": 6,
        "parcela": 18,
        "fecha_inicio": "2025-11-04",
        "fecha_fin": "2025-11-04",
        "actividades": [
            3,
            4,
            5,
            9
        ]
    }
},
{
    "model": "camping.reserva",
    "pk": 14,
    "fields": {
        "cliente": 6,
        "parcela": 26,
        "fecha_inicio": "2025-03-27",
        "fecha_fin": "2025-04-15",
        "actividades": [
            5,
            8
        ]
    }
},
{
    "model": "camping.reserva",
    "pk": 15,
    "fields": {
        "cliente": 6,
        "parcela": 43,
        "fecha_inicio": "2025-10-05",
        "fecha_fin": "2025-10-10",
        "actividades": [
            6
        ]
    }
},
{
    "model": "camping.reserva",
    "pk": 16,
    "fields": {
        "cliente": 7,
        "parcela": 30,
        "fecha_inicio": "2025-04-05",
        "fecha_fin": "2025-07-12",
        "actividades": [
            1,
            4,
            10
        ]
    }
},
{
    "model": "camping.reserva",
    "pk": 17,
    "fields": {
        "cliente": 8,
        "parcela": 21,
        "fecha_inicio": "2025-04-11",
        "fecha_fin": "2025-06-12",
        "actividades": []
    }
},
{
    "model": "camping.reserva",
    "pk": 18,
    "fields": {
        "cliente": 9,
        "parcela": 2,
        "fecha_inicio": "2025-10-01",
        "fecha_fin": "2025-10-01",
        "actividades": [
            3,
            4
        ]
    }
},
{
    "model": "camping.reserva",
    "pk": 19,
    "fields": {
        "cliente": 9,
        "parcela": 38,
        "fecha_inicio": "2025-01-16",
        "fecha_fin": "2025-09-17",
        "actividades": [
            6
        ]
    }
},
{
    "model": "camping.reserva",
    "pk": 20,
    "fields": {
        "cliente": 10,
        "parcela": 88,
        "fecha_inicio": "2025-10-20",
        "fecha_fin": "2025-10-24",
        "actividades": [
            12
        ]
    }
},
{
    "model": "camping.reserva",
    "pk": 21,
    "fields": {
        "cliente": 10,
        "parcela": 83,
        "fecha_inicio": "2025-08-31",
        "fecha_fin": "2025-09-19",
        "actividades": [
            11,
            12,
            17,
            19
        ]
    }
},
{
    "model": "camping.reserva",
    "pk": 22,
    "fields": {
        "cliente": 11,
        "parcela": 94,
        "fecha_inicio": "2025-08-23",
        "fecha_fin": "2025-09-10",
        "actividades": [
            11,
            12,
            16,
            19,
            20
        ]
    }
},
{
    "model": "camping.reserva",
    "pk": 23,
    "fields": {
        "cliente": 11,
        "parcela": 90,
        "fecha_inicio": "2025-05-12",
        "fecha_fin": "2025-08-06",
        "actividades": [
            15,
            16,
            18
        ]
    }
},
{
    "model": "camping.reserva",
    "pk": 24,
    "fields": {
        "cliente": 12,
        "parcela": 66,
        "fecha_inicio": "2025-04-19",
        "fecha_fin": "2025-09-18",
        "actividades": [
            16,
            19
        ]
    }
},
{
    "model": "camping.reserva",
    "pk": 25,
    "fields": {
        "cliente": 12,
        "parcela": 100,
        "fecha_inicio": "2025-09-08",
        "fecha_fin": "2025-09-21",
        "actividades": [
            16,
            19
        ]
    }
},
{
    "model": "camping.reserva",
    "pk": 26,
    "fields": {
        "cliente": 12,
        "parcela": 54,
        "fecha_inicio": "2025-10-06",
        "fecha_fin": "2025-10-29",
        "actividades": [
            11,
            12,
            17,
            19
        ]
    }
},
{
    "model": "camping.reserva",
    "pk": 27,
    "fields": {
        "cliente": 13,
        "parcela": 53,
        "fecha_inicio": "2025-07-28",
        "fecha_fin": "2025-10-08",
        "actividades": [
            17
        ]
    }
},
{
    "model": "camping.reserva",
    "pk": 28,
    "fields": {
        "cliente": 14,
        "parcela": 61,
        "fecha_inicio": "2025-06-02",
        "fecha_fin": "2025-09-19",
        "actividades": [
            11,
            12,
            16,
            18
        ]
    }
},
{
    "model": "camping.reserva",
    "pk": 29,
    "fields": {
        "cliente": 14,
        "parcela": 58,
        "fecha_inicio": "2025-01-14",
        "fecha_fin": "2025-06-25",
        "actividades": [
            11,
            14,
            15,
            19
        ]
    }
},
{
    "model": "camping.reserva",
    "pk": 30,
    "fields": {
        "cliente": 15,
        "parcela": 67,
        "fecha_inicio": "2025-03-19",
        "fecha_fin": "2025-08-28",
        "actividades": [
            13
        ]
    }
},
{
    "model": "camping.reserva",
    "pk": 31,
    "fields": {
        "cliente": 15,
        "parcela": 77,
        "fecha_inicio": "2025-10-27",
        "fecha_fin": "2025-10-28",
        "actividades": [
            13,
            16,
            17,
            19,
            20
        ]
    }
},
{
    "model": "camping.reserva",
    "pk": 32,
    "fields": {
        "cliente": 16,
        "parcela": 64,
        "fecha_inicio": "2025-08-10",
        "fecha_fin": "2025-08-11",
        "actividades": [
            19
        ]
    }
},
{
    "model": "camping.reserva",
    "pk": 33,
    "fields": {
        "cliente": 16,
        "parcela": 58,
        "fecha_inicio": "2025-07-13",
        "fecha_fin": "2025-10-14",
        "actividades": [
            15
        ]
    }
},
{
    "model": "camping.reserva",
    "pk": 34,
    "fields": {
        "cliente": 16,
        "parcela": 56,
        "fecha_inicio": "2025-10-28",
        "fecha_fin": "2025-11-02",
        "actividades": [
            16,
            17,
            18
        ]
    }
},
{
    "model": "camping.reserva",
    "pk": 35,
    "fields": {
        "cliente": 17,
        "parcela": 51,
        "fecha_inicio": "2025-05-03",
        "fecha_fin": "2025-09-26",
        "actividades": [
            15,
            16,
            17,
            18,
            19
        ]
    }
},
{
    "model": "camping.reserva",
    "pk": 36,
    "fields": {
        "cliente": 18,
        "parcela": 73,
        "fecha_inicio": "2025-07-27",
        "fecha_fin": "2025-08-09",
        "actividades": [
            11,
            14,
            17,
            19
        ]
    }
},
{
    "model": "camping.reserva",
    "pk": 37,
    "fields": {
        "cliente": 18,
        "parcela": 58,
        "fecha_inicio": "2025-09-04",
        "fecha_fin": "2025-10-08",
        "actividades": [
            16,
            18,
            20
        ]
    }
},
{
    "model": "camping.reserva",
    "pk": 38,
    "fields": {
        "cliente": 18,
        "parcela": 83,
        "fecha_inicio": "2025-05-18",
        "fecha_fin": "2025-06-29",
        "actividades": []
    }
},
{
    "model": "camping.reserva",
    "pk": 39,
    "fields": {
        "cliente": 19,
        "parcela": 117,
        "fecha_inicio": "2025-10-03",
        "fecha_fin": "2025-10-12",
        "actividades": [
            21,
            24
        ]
    }
},
{
    "model": "camping.reserva",
    "pk": 40,
    "fields": {
        "cliente": 19,
        "parcela": 131,
        "fecha_inicio": "2025-02-23",
        "fecha_fin": "2025-06-05",
        "actividades": []
    }
},
{
    "model": "camping.reserva",
    "pk": 41,
    "fields": {
        "cliente": 20,
        "parcela": 147,
        "fecha_inicio": "2025-07-15",
        "fecha_fin": "2025-08-17",
        "actividades": []
    }
},
{
    "model": "camping.reserva",
    "pk": 42,
    "fields": {
        "cliente": 21,
        "parcela": 132,
        "fecha_inicio": "2025-04-13",
        "fecha_fin": "2025-07-30",
        "actividades": [
            21,
            22,
            23,
            30
        ]
    }
},
{
    "model": "camping.reserva",
    "pk": 43,
    "fields": {
        "cliente": 21,
        "parcela": 120,
        "fecha_inicio": "2025-08-03",
        "fecha_fin": "2025-10-09",
        "actividades": [
            21,
            23,
            27,
            29,
            30
        ]
    }
},
{
    "model": "camping.reserva",
    "pk": 44,
    "fields": {
        "cliente": 22,
        "parcela": 137,
        "fecha_inicio": "2025-06-24",
        "fecha_fin": "2025-10-19",
        "actividades": [
            21,
            24,
            26,
            28,
            30
        ]
    }
},
{
    "model": "camping.reserva",
    "pk": 45,
    "fields": {
        "cliente": 22,
        "parcela": 148,
        "fecha_inicio": "2025-04-08",
        "fecha_fin": "2025-07-24",
        "actividades": []
    }
},
{
    "model": "camping.reserva",
    "pk": 46,
    "fields": {
        "cliente": 23,
        "parcela": 145,
        "fecha_inicio": "2025-08-20",
        "fecha_fin": "2025-09-24",
        "actividades": [
            24,
            26
        ]
    }
},
{
    "model": "camping.reserva",
    "pk": 47,
    "fields": {
        "cliente": 23,
        "parcela": 108,
        "fecha_inicio": "2025-10-28",
        "fecha_fin": "2025-11-01",
        "actividades": [
            22,
            24,
            28
        ]
    }
},
{
    "model": "camping.reserva",
    "pk": 48,
    "fields": {
        "cliente": 23,
        "parcela": 119,
        "fecha_inicio": "2025-05-23",
        "fecha_fin": "2025-07-27",
        "actividades": [
            22,
            25,
            26,
            27
        ]
    }
},
{
    "model": "camping.reserva",
    "pk": 49,
    "fields": {
        "cliente": 24,
        "parcela": 114,
        "fecha_inicio": "2025-04-10",
        "fecha_fin": "2025-08-01",
        "actividades": [
            21,
            25,
            26,
            29,
            30
        ]
    }
},
{
    "model": "camping.reserva",
    "pk": 50,
    "fields": {
        "cliente": 25,
        "parcela": 112,
        "fecha_inicio": "2025-04-21",
        "fecha_fin": "2025-08-14",
        "actividades": [
            30
        ]
    }
},
{
    "model": "camping.reserva",
    "pk": 51,
    "fields": {
        "cliente": 25,
        "parcela": 126,
        "fecha_inicio": "2025-03-06",
        "fecha_fin": "2025-03-21",
        "actividades": [
            24,
            25,
            26,
            28,
            30
        ]
    }
},
{
    "model": "camping.reserva",
    "pk": 52,
    "fields": {
        "cliente": 26,
        "parcela": 107,
        "fecha_inicio": "2025-04-21",
        "fecha_fin": "2025-06-15",
        "actividades": [
            21,
            26,
            28,
            29
        ]
    }
},
{
    "model": "camping.reserva",
    "pk": 53,
    "fields": {
        "cliente": 27,
        "parcela": 116,
        "fecha_inicio": "2025-09-26",
        "fecha_fin": "2025-10-22",
        "actividades": [
            21,
            23,
            27,
            29
        ]
    }
},
{
    "model": "camping.reserva",
    "pk": 54,
    "fields": {
        "cliente": 27,
        "parcela": 131,
        "fecha_inicio": "2025-08-16",
        "fecha_fin": "2025-10-06",
        "actividades": [
            24,
            26,
            27,
            29,
            30
        ]
    }
},
{
    "model": "camping.reserva",
    "pk": 55,
    "fields": {
        "cliente": 27,
        "parcela": 137,
        "fecha_inicio": "2025-05-21",
        "fecha_fin": "2025-06-12",
        "actividades": [
            24
        ]
    }
},
{
    "model": "camping.reserva",
    "pk": 56,
    "fields": {
        "cliente": 28,
        "parcela": 136,
        "fecha_inicio": "2025-07-02",
        "fecha_fin": "2025-07-14",
        "actividades": [
            21,
            27,
            28,
            30
        ]
    }
},
{
    "model": "camping.reserva",
    "pk": 57,
    "fields": {
        "cliente": 28,
        "parcela": 120,
        "fecha_inicio": "2025-03-31",
        "fecha_fin": "2025-09-22",
        "actividades": [
            22,
            26,
            28
        ]
    }
},
{
    "model": "camping.reserva",
    "pk": 58,
    "fields": {
        "cliente": 29,
        "parcela": 118,
        "fecha_inicio": "2025-05-04",
        "fecha_fin": "2025-09-24",
        "actividades": [
            21,
            22,
            25,
            30
        ]
    }
},
{
    "model": "camping.reserva",
    "pk": 59,
    "fields": {
        "cliente": 29,
        "parcela": 133,
        "fecha_inicio": "2025-04-04",
        "fecha_fin": "2025-07-27",
        "actividades": [
            22,
            25,
            30
        ]
    }
},
{
    "model": "camping.reserva",
    "pk": 60,
    "fields": {
        "cliente": 29,
        "parcela": 122,
        "fecha_inicio": "2025-04-26",
        "fecha_fin": "2025-10-24",
        "actividades": [
            23,
            27,
            28,
            30
        ]
    }
},
{
    "model": "camping.reserva",
    "pk": 61,
    "fields": {
        "cliente": 30,
        "parcela": 113,
        "fecha_inicio": "2025-03-29",
        "fecha_fin": "2025-09-11",
        "actividades": [
            26
        ]
    }
},
{
    "model": "camping.reserva",
    "pk": 62,
    "fields": {
        "cliente": 31,
        "parcela": 107,
        "fecha_inicio": "2025-09-26",
        "fecha_fin": "2025-10-06",
        "actividades": [
            28
        ]
    }
},
{
    "model": "camping.reserva",
    "pk": 63,
    "fields": {
        "cliente": 32,
        "parcela": 116,
        "fecha_inicio": "2025-08-13",
        "fecha_fin": "2025-11-02",
        "actividades": [
            24,
            25,
            27,
            28,
            30
        ]
    }
},
{
    "model": "camping.reserva",
    "pk": 64,
    "fields": {
        "cliente": 33,
        "parcela": 166,
        "fecha_inicio": "2025-08-23",
        "fecha_fin": "2025-11-03",
        "actividades": []
    }
},
{
    "model": "camping.reserva",
    "pk": 65,
    "fields": {
        "cliente": 33,
        "parcela": 192,
        "fecha_inicio": "2025-09-07",
        "fecha_fin": "2025-09-25",
        "actividades": [
            40
        ]
    }
},
{
    "model": "camping.reserva",
    "pk": 66,
    "fields": {
        "cliente": 34,
        "parcela": 181,
        "fecha_inicio": "2025-11-03",
        "fecha_fin": "2025-11-04",
        "actividades": [
            32,
            33,
            36,
            39,
            40
        ]
    }
},
{
    "model": "camping.reserva",
    "pk": 67,
    "fields": {
        "cliente": 35,
        "parcela": 172,
        "fecha_inicio": "2025-09-29",
        "fecha_fin": "2025-10-13",
        "actividades": [
            35,
            38
        ]
    }
},
{
    "model": "camping.reserva",
    "pk": 68,
    "fields": {
        "cliente": 36,
        "parcela": 158,
        "fecha_inicio": "2025-07-01",
        "fecha_fin": "2025-07-03",
        "actividades": []
    }
},
{
    "model": "camping.reserva",
    "pk": 69,
    "fields": {
        "cliente": 36,
        "parcela": 173,
        "fecha_inicio": "2025-02-09",
        "fecha_fin": "2025-03-08",
        "actividades": [
            34,
            37,
            40
        ]
    }
},
{
    "model": "camping.reserva",
    "pk": 70,
    "fields": {
        "cliente": 36,
        "parcela": 159,
        "fecha_inicio": "2025-01-10",
        "fecha_fin": "2025-04-02",
        "actividades": [
            34,
            38,
            39
        ]
    }
},
{
    "model": "camping.reserva",
    "pk": 71,
    "fields": {
        "cliente": 37,
        "parcela": 192,
        "fecha_inicio": "2025-05-24",
        "fecha_fin": "2025-07-30",
        "actividades": [
            35,
            38
        ]
    }
},
{
    "model": "camping.reserva",
    "pk": 72,
    "fields": {
        "cliente": 37,
        "parcela": 158,
        "fecha_inicio": "2025-08-17",
        "fecha_fin": "2025-10-16",
        "actividades": []
    }
},
{
    "model": "camping.reserva",
    "pk": 73,
    "fields": {
        "cliente": 37,
        "parcela": 193,
        "fecha_inicio": "2025-07-22",
        "fecha_fin": "2025-10-26",
        "actividades": [
            33,
            34,
            37,
            39
        ]
    }
},
{
    "model": "camping.reserva",
    "pk": 74,
    "fields": {
        "cliente": 38,
        "parcela": 161,
        "fecha_inicio": "2025-10-25",
        "fecha_fin": "2025-11-03",
        "actividades": [
            32,
            35,
            40
        ]
    }
},
{
    "model": "camping.reserva",
    "pk": 75,
    "fields": {
        "cliente": 39,
        "parcela": 172,
        "fecha_inicio": "2025-01-15",
        "fecha_fin": "2025-11-02",
        "actividades": [
            38,
            40
        ]
    }
},
{
    "model": "camping.reserva",
    "pk": 76,
    "fields": {
        "cliente": 39,
        "parcela": 176,
        "fecha_inicio": "2025-02-12",
        "fecha_fin": "2025-03-11",
        "actividades": [
            34,
            36,
            40
        ]
    }
},
{
    "model": "camping.reserva",
    "pk": 77,
    "fields": {
        "cliente": 40,
        "parcela": 198,
        "fecha_inicio": "2025-10-19",
        "fecha_fin": "2025-10-26",
        "actividades": [
            31,
            32,
            35,
            37,
            40
        ]
    }
},
{
    "model": "camping.reserva",
    "pk": 78,
    "fields": {
        "cliente": 41,
        "parcela": 179,
        "fecha_inicio": "2025-08-02",
        "fecha_fin": "2025-09-25",
        "actividades": [
            37
        ]
    }
},
{
    "model": "camping.reserva",
    "pk": 79,
    "fields": {
        "cliente": 42,
        "parcela": 196,
        "fecha_inicio": "2025-01-01",
        "fecha_fin": "2025-03-15",
        "actividades": [
            34
        ]
    }
},
{
    "model": "camping.reserva",
    "pk": 80,
    "fields": {
        "cliente": 43,
        "parcela": 175,
        "fecha_inicio": "2025-06-17",
        "fecha_fin": "2025-07-17",
        "actividades": [
            37
        ]
    }
},
{
    "model": "camping.reserva",
    "pk": 81,
    "fields": {
        "cliente": 43,
        "parcela": 164,
        "fecha_inicio": "2025-05-19",
        "fecha_fin": "2025-09-23",
        "actividades": [
            32
        ]
    }
},
{
    "model": "camping.reserva",
    "pk": 82,
    "fields": {
        "cliente": 43,
        "parcela": 169,
        "fecha_inicio": "2025-10-24",
        "fecha_fin": "2025-11-01",
        "actividades": [
            31,
            32,
            36,
            37
        ]
    }
},
{
    "model": "camping.reserva",
    "pk": 83,
    "fields": {
        "cliente": 44,
        "parcela": 185,
        "fecha_inicio": "2025-04-08",
        "fecha_fin": "2025-05-11",
        "actividades": [
            31,
            39
        ]
    }
},
{
    "model": "camping.reserva",
    "pk": 84,
    "fields": {
        "cliente": 44,
        "parcela": 176,
        "fecha_inicio": "2025-08-23",
        "fecha_fin": "2025-10-07",
        "actividades": [
            33,
            35,
            37,
            40
        ]
    }
},
{
    "model": "camping.reserva",
    "pk": 85,
    "fields": {
        "cliente": 45,
        "parcela": 173,
        "fecha_inicio": "2025-06-20",
        "fecha_fin": "2025-09-26",
        "actividades": [
            39,
            40
        ]
    }
},
{
    "model": "camping.serviciosextra",
    "pk": 1,
    "fields": {
        "nombre": "causa",
        "precio": "24.69",
        "descripcion": "Real puntos principio rÚgimen. Operaci¾n llama acuerdo lenguaje. Coraz¾n hacÝa tiempo rep·blica grupo.",
        "disponible": true
    }
},
{
    "model": "camping.serviciosextra",
    "pk": 2,
    "fields": {
        "nombre": "norte",
        "precio": "27.07",
        "descripcion": "Sistemas prueba caracterÝsticas a manera ii. Volver violencia palabra pasado problemas buscar hacÝa.",
        "disponible": false
    }
},
{
    "model": "camping.serviciosextra",
    "pk": 3,
    "fields": {
        "nombre": "intereses",
        "precio": "42.19",
        "descripcion": "Investigaci¾n duda visto conocimiento. Estudios informe ning·n corte decÝa teorÝa. Justicia energÝa econ¾mica nuevo cara. Cada interÚs tratamiento en.",
        "disponible": true
    }
},
{
    "model": "camping.serviciosextra",
    "pk": 4,
    "fields": {
        "nombre": "propia",
        "precio": "46.41",
        "descripcion": "Seguro el Úl f·tbol c. Consecuencia felipe informe. A·n g viene suerte aire padres.\nSol tres falta polÝticas pese dijo. Base juego tenÝa.",
        "disponible": true
    }
},
{
    "model": "camping.serviciosextra",
    "pk": 5,
    "fields": {
        "nombre": "ver",
        "precio": "45.17",
        "descripcion": "Parte nuestras cuatro carne. Haciendo psoe aquella peor luz. Secretario d¾lares vuelve lugar.\nDespuÚs zona partir es. Medidas qued¾ propios regi¾n.",
        "disponible": false
    }
},
{
    "model": "camping.serviciosextra",
    "pk": 6,
    "fields": {
        "nombre": "donde",
        "precio": "33.35",
        "descripcion": "Mis tiene ocasi¾n fuego mayorÝa. Porque dÝa habrÝa. Organizaci¾n derecha los entre tiempo sÝ aparece.",
        "disponible": true
    }
},
{
    "model": "camping.serviciosextra",
    "pk": 7,
    "fields": {
        "nombre": "tal",
        "precio": "17.58",
        "descripcion": "Armas algunos esfuerzo unas cambio al. Algunos socialista propuesta etc argentina distintas. Victoria posible llegado carne primero.\nVio las p·blico.",
        "disponible": false
    }
},
{
    "model": "camping.serviciosextra",
    "pk": 8,
    "fields": {
        "nombre": "finalmente",
        "precio": "7.18",
        "descripcion": "Civil poco partido cabo puerta suelo. Especialmente premio ninguna rosa deja ambos asunto.\nParecÝa perdido sean c figura esa f·tbol. Saber es secretario formaci¾n.",
        "disponible": true
    }
},
{
    "model": "camping.serviciosextra",
    "pk": 9,
    "fields": {
        "nombre": "necesidad",
        "precio": "47.05",
        "descripcion": "Estructura particular especial me humana conocimiento. No octubre carta edad. Uno situaci¾n ademßs ßrea n·mero.",
        "disponible": false
    }
},
{
    "model": "camping.serviciosextra",
    "pk": 10,
    "fields": {
        "nombre": "apenas",
        "precio": "24.26",
        "descripcion": "Cambios toma es dar buenos sin constituci¾n. Francia club familia texto francisco internacional doctor. Calidad efectos aquÝ datos.",
        "disponible": false
    }
},
{
    "model": "camping.serviciosextra",
    "pk": 11,
    "fields": {
        "nombre": "polÝticas",
        "precio": "23.22",
        "descripcion": "Educaci¾n capaz nombre lenguaje. Don quien propios ahÝ salir existen crecimiento.",
        "disponible": false
    }
},
{
    "model": "camping.serviciosextra",
    "pk": 12,
    "fields": {
        "nombre": "atenci¾n",
        "precio": "27.36",
        "descripcion": "Ellos necesidad otras padre hombre meses. Santa parece gente Úxito. Pablo poder julio tÚcnica.\nAdemßs sistemas general partir. Ex imagen amigo meses.",
        "disponible": false
    }
},
{
    "model": "camping.serviciosextra",
    "pk": 13,
    "fields": {
        "nombre": "es",
        "precio": "29.52",
        "descripcion": "Ministerio comercio alta organizaci¾n entonces. Sola mitad metros sistema mismo hacer u.",
        "disponible": false
    }
},
{
    "model": "camping.serviciosextra",
    "pk": 14,
    "fields": {
        "nombre": "es",
        "precio": "45.22",
        "descripcion": "Imagen principio causa empresa fueron. Pueda secretario mismo por tipo hechos muchas ello.\nJuez espera ma±ana da cuando bajo sangre. Pr¾ximo este g tendrß.",
        "disponible": false
    }
},
{
    "model": "camping.serviciosextra",
    "pk": 15,
    "fields": {
        "nombre": "europa",
        "precio": "33.19",
        "descripcion": "Lejos dolor vida afirm¾ humanos menor vio. Mucho pasa fiscal p·blica. Diciembre quÚ existen cuya serßn algunas otra ante.",
        "disponible": false
    }
},
{
    "model": "camping.serviciosextra",
    "pk": 16,
    "fields": {
        "nombre": "quiere",
        "precio": "39.49",
        "descripcion": "Tenido sue±o primera pese clase dicho. Carta ·ltimos dej¾ libre total mercado tengo acci¾n.",
        "disponible": false
    }
},
{
    "model": "camping.serviciosextra",
    "pk": 17,
    "fields": {
        "nombre": "trabajo",
        "precio": "19.44",
        "descripcion": "Durante pone ambiente fuentes programa siendo. T· misma estß. Mitad amigo los espa±ol.",
        "disponible": false
    }
},
{
    "model": "camping.serviciosextra",
    "pk": 18,
    "fields": {
        "nombre": "meses",
        "precio": "48.01",
        "descripcion": "Cualquier ayuda hace humano ii a·n. Producto modelo juez. Parece militar nivel rep·blica imßgenes persona siempre pone.\nCuadro felipe especie exterior todo.",
        "disponible": false
    }
},
{
    "model": "camping.serviciosextra",
    "pk": 19,
    "fields": {
        "nombre": "nombre",
        "precio": "32.63",
        "descripcion": "Suelo hay estaban ademßs quienes. ┴rea historia querÝa club. Principios ve diversas apoyo electoral peque±a.",
        "disponible": true
    }
},
{
    "model": "camping.serviciosextra",
    "pk": 20,
    "fields": {
        "nombre": "unos",
        "precio": "6.04",
        "descripcion": "Control sido pueblo dado mucho ciencia. Real modo las que salida servicio.\nJefe espera tenido interÚs. Pero quiere calle b. Y primero mal muy parece.",
        "disponible": false
    }
},
{
    "model": "camping.reservaextras",
    "pk": 1,
    "fields": {
        "reserva_asociada": 1,
        "cantidad_solicitada": 2,
        "observaciones": "Hubiera figura aquel sistemas.",
        "servicios_extra": [
            1,
            2,
            3,
            4,
            5
        ]
    }
},
{
    "model": "camping.reservaextras",
    "pk": 2,
    "fields": {
        "reserva_asociada": 2,
        "cantidad_solicitada": 4,
        "observaciones": "Militar estos televisi¾n familia noviembre entonces internacional.",
        "servicios_extra": [
            1,
            2,
            4,
            5
        ]
    }
},
{
    "model": "camping.reservaextras",
    "pk": 3,
    "fields": {
        "reserva_asociada": 3,
        "cantidad_solicitada": 4,
        "observaciones": "Fuera realizar cantidad tierra sobre momento.",
        "servicios_extra": [
            1,
            2,
            3,
            4,
            5
        ]
    }
},
{
    "model": "camping.reservaextras",
    "pk": 4,
    "fields": {
        "reserva_asociada": 4,
        "cantidad_solicitada": 5,
        "observaciones": "SabÝa general cierto datos santa.",
        "servicios_extra": [
            1,
            2,
            3,
            4,
            5
        ]
    }
},
{
    "model": "camping.reservaextras",
    "pk": 5,
    "fields": {
        "reserva_asociada": 5,
        "cantidad_solicitada": 3,
        "observaciones": "Razones igual torno humano allÝ grande.",
        "servicios_extra": [
            3,
            4,
            5
        ]
    }
},
{
    "model": "camping.reservaextras",
    "pk": 6,
    "fields": {
        "reserva_asociada": 6,
        "cantidad_solicitada": 2,
        "observaciones": "Tales idea etapa mÚxico vida dentro.",
        "servicios_extra": [
            2,
            3,
            4,
            5
        ]
    }
},
{
    "model": "camping.reservaextras",
    "pk": 7,
    "fields": {
        "reserva_asociada": 7,
        "cantidad_solicitada": 2,
        "observaciones": "Dice particular volver precios tu sistemas.",
        "servicios_extra": [
            5
        ]
    }
},
{
    "model": "camping.reservaextras",
    "pk": 8,
    "fields": {
        "reserva_asociada": 8,
        "cantidad_solicitada": 5,
        "observaciones": "Cultura base clase verdad.",
        "servicios_extra": [
            2
        ]
    }
},
{
    "model": "camping.reservaextras",
    "pk": 9,
    "fields": {
        "reserva_asociada": 9,
        "cantidad_solicitada": 5,
        "observaciones": "SÝ modelo menor podÝa secretario se±al¾ esfuerzo larga.",
        "servicios_extra": [
            2,
            4,
            5
        ]
    }
},
{
    "model": "camping.reservaextras",
    "pk": 10,
    "fields": {
        "reserva_asociada": 10,
        "cantidad_solicitada": 4,
        "observaciones": "Hospital programas hacia t·.",
        "servicios_extra": [
            2,
            3,
            5
        ]
    }
},
{
    "model": "camping.reservaextras",
    "pk": 11,
    "fields": {
        "reserva_asociada": 11,
        "cantidad_solicitada": 5,
        "observaciones": "Flores reforma proyecto camino hijo mientras pasar.",
        "servicios_extra": [
            3,
            4
        ]
    }
},
{
    "model": "camping.reservaextras",
    "pk": 12,
    "fields": {
        "reserva_asociada": 12,
        "cantidad_solicitada": 4,
        "observaciones": "AhÝ democracia precios alrededor ii rodrÝguez distintos.",
        "servicios_extra": [
            1,
            2,
            4,
            5
        ]
    }
},
{
    "model": "camping.reservaextras",
    "pk": 13,
    "fields": {
        "reserva_asociada": 13,
        "cantidad_solicitada": 3,
        "observaciones": "Equipo hechos caracterÝsticas otras.",
        "servicios_extra": [
            1,
            2,
            3,
            4
        ]
    }
},
{
    "model": "camping.reservaextras",
    "pk": 14,
    "fields": {
        "reserva_asociada": 14,
        "cantidad_solicitada": 3,
        "observaciones": "Un mal yo.",
        "servicios_extra": [
            3,
            5
        ]
    }
},
{
    "model": "camping.reservaextras",
    "pk": 15,
    "fields": {
        "reserva_asociada": 15,
        "cantidad_solicitada": 1,
        "observaciones": "Pese democracia alta aparece alto mßs trabajadores.",
        "servicios_extra": [
            2,
            4
        ]
    }
},
{
    "model": "camping.reservaextras",
    "pk": 16,
    "fields": {
        "reserva_asociada": 16,
        "cantidad_solicitada": 5,
        "observaciones": "Pesar llamado al acuerdo fuerzas grandes llamado.",
        "servicios_extra": [
            1,
            2,
            3,
            4,
            5
        ]
    }
},
{
    "model": "camping.reservaextras",
    "pk": 17,
    "fields": {
        "reserva_asociada": 17,
        "cantidad_solicitada": 5,
        "observaciones": "Soy norte interior serie.",
        "servicios_extra": [
            2
        ]
    }
},
{
    "model": "camping.reservaextras",
    "pk": 18,
    "fields": {
        "reserva_asociada": 18,
        "cantidad_solicitada": 2,
        "observaciones": "I tener razones propia visto zona sociales.",
        "servicios_extra": [
            1,
            3,
            4
        ]
    }
},
{
    "model": "camping.reservaextras",
    "pk": 19,
    "fields": {
        "reserva_asociada": 19,
        "cantidad_solicitada": 1,
        "observaciones": "Se causa diferencia derecha.",
        "servicios_extra": [
            1,
            2,
            5
        ]
    }
},
{
    "model": "camping.reservaextras",
    "pk": 20,
    "fields": {
        "reserva_asociada": 20,
        "cantidad_solicitada": 3,
        "observaciones": "Servicio varias toda visto van seguir vamos.",
        "servicios_extra": [
            8,
            10
        ]
    }
},
{
    "model": "camping.reservaextras",
    "pk": 21,
    "fields": {
        "reserva_asociada": 21,
        "cantidad_solicitada": 5,
        "observaciones": "Argentina europa prßctica importancia y calidad eran.",
        "servicios_extra": [
            6,
            7,
            8,
            9,
            10
        ]
    }
},
{
    "model": "camping.reservaextras",
    "pk": 22,
    "fields": {
        "reserva_asociada": 22,
        "cantidad_solicitada": 2,
        "observaciones": "Cine plan pesetas muy Ústa lo dice.",
        "servicios_extra": [
            6,
            7,
            8,
            10
        ]
    }
},
{
    "model": "camping.reservaextras",
    "pk": 23,
    "fields": {
        "reserva_asociada": 23,
        "cantidad_solicitada": 3,
        "observaciones": "Origen arriba nosotros pie.",
        "servicios_extra": [
            7
        ]
    }
},
{
    "model": "camping.reservaextras",
    "pk": 24,
    "fields": {
        "reserva_asociada": 24,
        "cantidad_solicitada": 5,
        "observaciones": "Libre permite noche deseo dio.",
        "servicios_extra": [
            6,
            8,
            10
        ]
    }
},
{
    "model": "camping.reservaextras",
    "pk": 25,
    "fields": {
        "reserva_asociada": 25,
        "cantidad_solicitada": 3,
        "observaciones": "Pueda violencia estß esfuerzo con paÝses opini¾n.",
        "servicios_extra": [
            10
        ]
    }
},
{
    "model": "camping.reservaextras",
    "pk": 26,
    "fields": {
        "reserva_asociada": 26,
        "cantidad_solicitada": 2,
        "observaciones": "Dinero consejo raz¾n luego viejo.",
        "servicios_extra": [
            7,
            8,
            10
        ]
    }
},
{
    "model": "camping.reservaextras",
    "pk": 27,
    "fields": {
        "reserva_asociada": 27,
        "cantidad_solicitada": 1,
        "observaciones": "Nuevo estados deja podrß hace un.",
        "servicios_extra": [
            6,
            7,
            8,
            9,
            10
        ]
    }
},
{
    "model": "camping.reservaextras",
    "pk": 28,
    "fields": {
        "reserva_asociada": 28,
        "cantidad_solicitada": 1,
        "observaciones": "Pero teatro con ·ltima seguro izquierda.",
        "servicios_extra": [
            6,
            8,
            9,
            10
        ]
    }
},
{
    "model": "camping.reservaextras",
    "pk": 29,
    "fields": {
        "reserva_asociada": 29,
        "cantidad_solicitada": 2,
        "observaciones": "Dej¾ fßcil primeros volvi¾ aquÝ carne.",
        "servicios_extra": [
            7,
            9
        ]
    }
},
{
    "model": "camping.reservaextras",
    "pk": 30,
    "fields": {
        "reserva_asociada": 30,
        "cantidad_solicitada": 4,
        "observaciones": "S te hoy marco llamado.",
        "servicios_extra": [
            6,
            7,
            8,
            9,
            10
        ]
    }
},
{
    "model": "camping.reservaextras",
    "pk": 31,
    "fields": {
        "reserva_asociada": 31,
        "cantidad_solicitada": 2,
        "observaciones": "Justicia han mßs dÝa corte.",
        "servicios_extra": [
            7,
            8,
            9,
            10
        ]
    }
},
{
    "model": "camping.reservaextras",
    "pk": 32,
    "fields": {
        "reserva_asociada": 32,
        "cantidad_solicitada": 2,
        "observaciones": "Es material acci¾n lleva futuro tal.",
        "servicios_extra": [
            6,
            9,
            10
        ]
    }
},
{
    "model": "camping.reservaextras",
    "pk": 33,
    "fields": {
        "reserva_asociada": 33,
        "cantidad_solicitada": 3,
        "observaciones": "Me perdido parece Úl estß dej¾ diciembre.",
        "servicios_extra": [
            6,
            7,
            8,
            9,
            10
        ]
    }
},
{
    "model": "camping.reservaextras",
    "pk": 34,
    "fields": {
        "reserva_asociada": 34,
        "cantidad_solicitada": 2,
        "observaciones": "Vista objeto mira derecho producci¾n dos usted pone.",
        "servicios_extra": [
            6
        ]
    }
},
{
    "model": "camping.reservaextras",
    "pk": 35,
    "fields": {
        "reserva_asociada": 35,
        "cantidad_solicitada": 5,
        "observaciones": "Fuerte volvi¾ especie haya derecha veces estß capital.",
        "servicios_extra": [
            6,
            8,
            10
        ]
    }
},
{
    "model": "camping.reservaextras",
    "pk": 36,
    "fields": {
        "reserva_asociada": 36,
        "cantidad_solicitada": 1,
        "observaciones": "Seg·n boca rodrÝguez actual tendrß siguiente luis soy.",
        "servicios_extra": [
            8,
            10
        ]
    }
},
{
    "model": "camping.reservaextras",
    "pk": 37,
    "fields": {
        "reserva_asociada": 37,
        "cantidad_solicitada": 1,
        "observaciones": "Llama mirada comunicaci¾n sociedad oficial resto blanco deseo.",
        "servicios_extra": [
            6,
            9
        ]
    }
},
{
    "model": "camping.reservaextras",
    "pk": 38,
    "fields": {
        "reserva_asociada": 38,
        "cantidad_solicitada": 4,
        "observaciones": "Flores arte seis sol junto conocer.",
        "servicios_extra": [
            9
        ]
    }
},
{
    "model": "camping.reservaextras",
    "pk": 39,
    "fields": {
        "reserva_asociada": 39,
        "cantidad_solicitada": 1,
        "observaciones": "Sangre europa junto cine t· oficial cierta.",
        "servicios_extra": [
            11,
            12,
            13,
            15
        ]
    }
},
{
    "model": "camping.reservaextras",
    "pk": 40,
    "fields": {
        "reserva_asociada": 40,
        "cantidad_solicitada": 5,
        "observaciones": "Deja modo siguiente director caso tengo resto.",
        "servicios_extra": [
            11,
            12,
            14
        ]
    }
},
{
    "model": "camping.reservaextras",
    "pk": 41,
    "fields": {
        "reserva_asociada": 41,
        "cantidad_solicitada": 2,
        "observaciones": "Estudio amor pie allß veces izquierda.",
        "servicios_extra": [
            11,
            12,
            13,
            14
        ]
    }
},
{
    "model": "camping.reservaextras",
    "pk": 42,
    "fields": {
        "reserva_asociada": 42,
        "cantidad_solicitada": 3,
        "observaciones": "Clase corte humana problemas oposici¾n sociedad elementos.",
        "servicios_extra": [
            13,
            14,
            15
        ]
    }
},
{
    "model": "camping.reservaextras",
    "pk": 43,
    "fields": {
        "reserva_asociada": 43,
        "cantidad_solicitada": 4,
        "observaciones": "Origen casos p·blico ßrea derechos cara especial hacerlo.",
        "servicios_extra": [
            11,
            12,
            14
        ]
    }
},
{
    "model": "camping.reservaextras",
    "pk": 44,
    "fields": {
        "reserva_asociada": 44,
        "cantidad_solicitada": 4,
        "observaciones": "Cuya tras sabÝa.",
        "servicios_extra": [
            14
        ]
    }
},
{
    "model": "camping.reservaextras",
    "pk": 45,
    "fields": {
        "reserva_asociada": 45,
        "cantidad_solicitada": 1,
        "observaciones": "Deseo cuatro tema centro ocho fernando luego.",
        "servicios_extra": [
            11,
            12,
            13,
            14,
            15
        ]
    }
},
{
    "model": "camping.reservaextras",
    "pk": 46,
    "fields": {
        "reserva_asociada": 46,
        "cantidad_solicitada": 4,
        "observaciones": "Etapa concepto dicho les sin hombre.",
        "servicios_extra": [
            11,
            12,
            13,
            14,
            15
        ]
    }
},
{
    "model": "camping.reservaextras",
    "pk": 47,
    "fields": {
        "reserva_asociada": 47,
        "cantidad_solicitada": 2,
        "observaciones": "D¾nde industria hacerlo.",
        "servicios_extra": [
            11,
            12,
            13,
            15
        ]
    }
},
{
    "model": "camping.reservaextras",
    "pk": 48,
    "fields": {
        "reserva_asociada": 48,
        "cantidad_solicitada": 2,
        "observaciones": "Ademßs en amor distintas cara mayorÝa total.",
        "servicios_extra": [
            11,
            12,
            13,
            14,
            15
        ]
    }
},
{
    "model": "camping.reservaextras",
    "pk": 49,
    "fields": {
        "reserva_asociada": 49,
        "cantidad_solicitada": 4,
        "observaciones": "Prueba defensa i europea paso revoluci¾n.",
        "servicios_extra": [
            11
        ]
    }
},
{
    "model": "camping.reservaextras",
    "pk": 50,
    "fields": {
        "reserva_asociada": 50,
        "cantidad_solicitada": 5,
        "observaciones": "Dan santa hablar norte.",
        "servicios_extra": [
            14
        ]
    }
},
{
    "model": "camping.reservaextras",
    "pk": 51,
    "fields": {
        "reserva_asociada": 51,
        "cantidad_solicitada": 4,
        "observaciones": "Medidas carßcter mßs p.",
        "servicios_extra": [
            12,
            15
        ]
    }
},
{
    "model": "camping.reservaextras",
    "pk": 52,
    "fields": {
        "reserva_asociada": 52,
        "cantidad_solicitada": 1,
        "observaciones": "Miedo m gonzßlez.",
        "servicios_extra": [
            11,
            12,
            13,
            14,
            15
        ]
    }
},
{
    "model": "camping.reservaextras",
    "pk": 53,
    "fields": {
        "reserva_asociada": 53,
        "cantidad_solicitada": 2,
        "observaciones": "┌ltima lleg¾ distintas madrid hospital entrada queda.",
        "servicios_extra": [
            13,
            14
        ]
    }
},
{
    "model": "camping.reservaextras",
    "pk": 54,
    "fields": {
        "reserva_asociada": 54,
        "cantidad_solicitada": 3,
        "observaciones": "Sol decÝa vio debido.",
        "servicios_extra": [
            11
        ]
    }
},
{
    "model": "camping.reservaextras",
    "pk": 55,
    "fields": {
        "reserva_asociada": 55,
        "cantidad_solicitada": 2,
        "observaciones": "Lado deben tiempos evitar mal llevar necesario.",
        "servicios_extra": [
            11
        ]
    }
},
{
    "model": "camping.reservaextras",
    "pk": 56,
    "fields": {
        "reserva_asociada": 56,
        "cantidad_solicitada": 3,
        "observaciones": "Sistemas con cierta objetivo actual diversos vez.",
        "servicios_extra": [
            14
        ]
    }
},
{
    "model": "camping.reservaextras",
    "pk": 57,
    "fields": {
        "reserva_asociada": 57,
        "cantidad_solicitada": 1,
        "observaciones": "Mi todo nuestros claro prensa.",
        "servicios_extra": [
            11,
            13,
            15
        ]
    }
},
{
    "model": "camping.reservaextras",
    "pk": 58,
    "fields": {
        "reserva_asociada": 58,
        "cantidad_solicitada": 5,
        "observaciones": "PerÝodo estados paÝses hace les serÝa personas muy.",
        "servicios_extra": [
            11,
            12,
            13,
            14,
            15
        ]
    }
},
{
    "model": "camping.reservaextras",
    "pk": 59,
    "fields": {
        "reserva_asociada": 59,
        "cantidad_solicitada": 3,
        "observaciones": "Habla grandes comisi¾n ayuda etapa.",
        "servicios_extra": [
            11,
            12,
            15
        ]
    }
},
{
    "model": "camping.reservaextras",
    "pk": 60,
    "fields": {
        "reserva_asociada": 60,
        "cantidad_solicitada": 4,
        "observaciones": "Pueda suelo luis dios clase durante martÝn rÚgimen.",
        "servicios_extra": [
            11,
            14
        ]
    }
},
{
    "model": "camping.reservaextras",
    "pk": 61,
    "fields": {
        "reserva_asociada": 61,
        "cantidad_solicitada": 1,
        "observaciones": "Acto sectores siglo aspecto quiero pues.",
        "servicios_extra": [
            11,
            12,
            13,
            14,
            15
        ]
    }
},
{
    "model": "camping.reservaextras",
    "pk": 62,
    "fields": {
        "reserva_asociada": 62,
        "cantidad_solicitada": 1,
        "observaciones": "P·blica dijo casa victoria cuesti¾n recursos.",
        "servicios_extra": [
            13
        ]
    }
},
{
    "model": "camping.reservaextras",
    "pk": 63,
    "fields": {
        "reserva_asociada": 63,
        "cantidad_solicitada": 3,
        "observaciones": "Te entonces perdido cuando vino.",
        "servicios_extra": [
            11
        ]
    }
},
{
    "model": "camping.reservaextras",
    "pk": 64,
    "fields": {
        "reserva_asociada": 64,
        "cantidad_solicitada": 4,
        "observaciones": "Tampoco asimismo carne despuÚs aunque soluci¾n precio.",
        "servicios_extra": [
            16,
            17,
            18,
            19,
            20
        ]
    }
},
{
    "model": "camping.reservaextras",
    "pk": 65,
    "fields": {
        "reserva_asociada": 65,
        "cantidad_solicitada": 1,
        "observaciones": "Que martÝn especialmente hombres todas.",
        "servicios_extra": [
            16,
            19,
            20
        ]
    }
},
{
    "model": "camping.reservaextras",
    "pk": 66,
    "fields": {
        "reserva_asociada": 66,
        "cantidad_solicitada": 4,
        "observaciones": "Del aquella agua mayor europa.",
        "servicios_extra": [
            16,
            17,
            18,
            19,
            20
        ]
    }
},
{
    "model": "camping.reservaextras",
    "pk": 67,
    "fields": {
        "reserva_asociada": 67,
        "cantidad_solicitada": 1,
        "observaciones": "Sociedad algunos lÝnea nuevos zona imßgenes dolor.",
        "servicios_extra": [
            18,
            19
        ]
    }
},
{
    "model": "camping.reservaextras",
    "pk": 68,
    "fields": {
        "reserva_asociada": 68,
        "cantidad_solicitada": 2,
        "observaciones": "Nunca torno dinero llega.",
        "servicios_extra": [
            16,
            18,
            20
        ]
    }
},
{
    "model": "camping.reservaextras",
    "pk": 69,
    "fields": {
        "reserva_asociada": 69,
        "cantidad_solicitada": 4,
        "observaciones": "Central cultura semanas corte medios.",
        "servicios_extra": [
            16,
            20
        ]
    }
},
{
    "model": "camping.reservaextras",
    "pk": 70,
    "fields": {
        "reserva_asociada": 70,
        "cantidad_solicitada": 5,
        "observaciones": "Mediante acciones hechos partes.",
        "servicios_extra": [
            16,
            17,
            18,
            19,
            20
        ]
    }
},
{
    "model": "camping.reservaextras",
    "pk": 71,
    "fields": {
        "reserva_asociada": 71,
        "cantidad_solicitada": 5,
        "observaciones": "Muy ni cuanto n principios plazo.",
        "servicios_extra": [
            17,
            19
        ]
    }
},
{
    "model": "camping.reservaextras",
    "pk": 72,
    "fields": {
        "reserva_asociada": 72,
        "cantidad_solicitada": 2,
        "observaciones": "Deben libertad nuestra iba iglesia polÝtica sectores usted.",
        "servicios_extra": [
            16
        ]
    }
},
{
    "model": "camping.reservaextras",
    "pk": 73,
    "fields": {
        "reserva_asociada": 73,
        "cantidad_solicitada": 5,
        "observaciones": "Ayuda hora central ya organizaci¾n.",
        "servicios_extra": [
            16,
            18,
            19,
            20
        ]
    }
},
{
    "model": "camping.reservaextras",
    "pk": 74,
    "fields": {
        "reserva_asociada": 74,
        "cantidad_solicitada": 1,
        "observaciones": "Has dicho elecciones carne cinco bueno dinero.",
        "servicios_extra": [
            16,
            17,
            18,
            19,
            20
        ]
    }
},
{
    "model": "camping.reservaextras",
    "pk": 75,
    "fields": {
        "reserva_asociada": 75,
        "cantidad_solicitada": 3,
        "observaciones": "Esa imagen creo gobierno producci¾n evitar alguna los.",
        "servicios_extra": [
            17,
            18
        ]
    }
},
{
    "model": "camping.reservaextras",
    "pk": 76,
    "fields": {
        "reserva_asociada": 76,
        "cantidad_solicitada": 2,
        "observaciones": "No serßn nadie finalmente esta obra casos trabajo.",
        "servicios_extra": [
            17,
            18
        ]
    }
},
{
    "model": "camping.reservaextras",
    "pk": 77,
    "fields": {
        "reserva_asociada": 77,
        "cantidad_solicitada": 3,
        "observaciones": "Cultural dice resultado ideas.",
        "servicios_extra": [
            16,
            17,
            19,
            20
        ]
    }
},
{
    "model": "camping.reservaextras",
    "pk": 78,
    "fields": {
        "reserva_asociada": 78,
        "cantidad_solicitada": 5,
        "observaciones": "Final silencio muerto han.",
        "servicios_extra": [
            18,
            19
        ]
    }
},
{
    "model": "camping.reservaextras",
    "pk": 79,
    "fields": {
        "reserva_asociada": 79,
        "cantidad_solicitada": 2,
        "observaciones": "Posible nuevo llamado acciones.",
        "servicios_extra": [
            17,
            18,
            19
        ]
    }
},
{
    "model": "camping.reservaextras",
    "pk": 80,
    "fields": {
        "reserva_asociada": 80,
        "cantidad_solicitada": 3,
        "observaciones": "Sangre imposible visto de viejo ambiente lleva estos.",
        "servicios_extra": [
            16,
            17,
            19,
            20
        ]
    }
},
{
    "model": "camping.reservaextras",
    "pk": 81,
    "fields": {
        "reserva_asociada": 81,
        "cantidad_solicitada": 4,
        "observaciones": "Varias ninguna cultura hace teatro juicio tenÝan.",
        "servicios_extra": [
            17,
            18,
            20
        ]
    }
},
{
    "model": "camping.reservaextras",
    "pk": 82,
    "fields": {
        "reserva_asociada": 82,
        "cantidad_solicitada": 1,
        "observaciones": "Comercio fecha imposible base medidas relaciones.",
        "servicios_extra": [
            20
        ]
    }
},
{
    "model": "camping.reservaextras",
    "pk": 83,
    "fields": {
        "reserva_asociada": 83,
        "cantidad_solicitada": 2,
        "observaciones": "Medio local bien libros empresas materia hacerlo.",
        "servicios_extra": [
            18,
            19,
            20
        ]
    }
},
{
    "model": "camping.reservaextras",
    "pk": 84,
    "fields": {
        "reserva_asociada": 84,
        "cantidad_solicitada": 2,
        "observaciones": "TÝtulo gracias educaci¾n relaciones cabeza natural hasta mitad.",
        "servicios_extra": [
            16,
            18,
            20
        ]
    }
},
{
    "model": "camping.reservaextras",
    "pk": 85,
    "fields": {
        "reserva_asociada": 85,
        "cantidad_solicitada": 5,
        "observaciones": "Suficiente pueda san autor otras Úxito despuÚs lo.",
        "servicios_extra": [
            16,
            19
        ]
    }
},
{
    "model": "camping.factura",
    "pk": 1,
    "fields": {
        "reserva_extra": 1,
        "total": "744.98",
        "emitida_en": "2025-11-05T22:30:31.638Z",
        "pagado": false
    }
},
{
    "model": "camping.factura",
    "pk": 2,
    "fields": {
        "reserva_extra": 2,
        "total": "417.46",
        "emitida_en": "2025-11-05T22:30:31.782Z",
        "pagado": false
    }
},
{
    "model": "camping.factura",
    "pk": 3,
    "fields": {
        "reserva_extra": 3,
        "total": "1659.12",
        "emitida_en": "2025-11-05T22:30:31.926Z",
        "pagado": true
    }
},
{
    "model": "camping.factura",
    "pk": 4,
    "fields": {
        "reserva_extra": 4,
        "total": "792.41",
        "emitida_en": "2025-11-05T22:30:32.086Z",
        "pagado": true
    }
},
{
    "model": "camping.factura",
    "pk": 5,
    "fields": {
        "reserva_extra": 5,
        "total": "569.44",
        "emitida_en": "2025-11-05T22:30:32.230Z",
        "pagado": true
    }
},
{
    "model": "camping.factura",
    "pk": 6,
    "fields": {
        "reserva_extra": 6,
        "total": "201.75",
        "emitida_en": "2025-11-05T22:30:32.374Z",
        "pagado": true
    }
},
{
    "model": "camping.factura",
    "pk": 7,
    "fields": {
        "reserva_extra": 7,
        "total": "1954.92",
        "emitida_en": "2025-11-05T22:30:32.518Z",
        "pagado": true
    }
},
{
    "model": "camping.factura",
    "pk": 8,
    "fields": {
        "reserva_extra": 8,
        "total": "1399.99",
        "emitida_en": "2025-11-05T22:30:32.662Z",
        "pagado": false
    }
},
{
    "model": "camping.factura",
    "pk": 9,
    "fields": {
        "reserva_extra": 9,
        "total": "1409.53",
        "emitida_en": "2025-11-05T22:30:32.806Z",
        "pagado": true
    }
},
{
    "model": "camping.factura",
    "pk": 10,
    "fields": {
        "reserva_extra": 10,
        "total": "932.26",
        "emitida_en": "2025-11-05T22:30:32.950Z",
        "pagado": true
    }
},
{
    "model": "camping.factura",
    "pk": 11,
    "fields": {
        "reserva_extra": 11,
        "total": "909.90",
        "emitida_en": "2025-11-05T22:30:33.094Z",
        "pagado": false
    }
},
{
    "model": "camping.factura",
    "pk": 12,
    "fields": {
        "reserva_extra": 12,
        "total": "555.51",
        "emitida_en": "2025-11-05T22:30:33.238Z",
        "pagado": false
    }
},
{
    "model": "camping.factura",
    "pk": 13,
    "fields": {
        "reserva_extra": 13,
        "total": "486.93",
        "emitida_en": "2025-11-05T22:30:33.382Z",
        "pagado": false
    }
},
{
    "model": "camping.factura",
    "pk": 14,
    "fields": {
        "reserva_extra": 14,
        "total": "1993.48",
        "emitida_en": "2025-11-05T22:30:33.526Z",
        "pagado": true
    }
},
{
    "model": "camping.factura",
    "pk": 15,
    "fields": {
        "reserva_extra": 15,
        "total": "866.91",
        "emitida_en": "2025-11-05T22:30:33.670Z",
        "pagado": true
    }
},
{
    "model": "camping.factura",
    "pk": 16,
    "fields": {
        "reserva_extra": 16,
        "total": "437.62",
        "emitida_en": "2025-11-05T22:30:33.814Z",
        "pagado": false
    }
},
{
    "model": "camping.factura",
    "pk": 17,
    "fields": {
        "reserva_extra": 17,
        "total": "1150.32",
        "emitida_en": "2025-11-05T22:30:33.958Z",
        "pagado": true
    }
},
{
    "model": "camping.factura",
    "pk": 18,
    "fields": {
        "reserva_extra": 18,
        "total": "1164.06",
        "emitida_en": "2025-11-05T22:30:34.102Z",
        "pagado": true
    }
},
{
    "model": "camping.factura",
    "pk": 19,
    "fields": {
        "reserva_extra": 19,
        "total": "1554.81",
        "emitida_en": "2025-11-05T22:30:34.246Z",
        "pagado": true
    }
},
{
    "model": "camping.factura",
    "pk": 20,
    "fields": {
        "reserva_extra": 20,
        "total": "797.98",
        "emitida_en": "2025-11-05T22:30:44.630Z",
        "pagado": true
    }
},
{
    "model": "camping.factura",
    "pk": 21,
    "fields": {
        "reserva_extra": 21,
        "total": "1855.98",
        "emitida_en": "2025-11-05T22:30:44.774Z",
        "pagado": true
    }
},
{
    "model": "camping.factura",
    "pk": 22,
    "fields": {
        "reserva_extra": 22,
        "total": "1188.28",
        "emitida_en": "2025-11-05T22:30:44.918Z",
        "pagado": true
    }
},
{
    "model": "camping.factura",
    "pk": 23,
    "fields": {
        "reserva_extra": 23,
        "total": "1568.84",
        "emitida_en": "2025-11-05T22:30:45.062Z",
        "pagado": true
    }
},
{
    "model": "camping.factura",
    "pk": 24,
    "fields": {
        "reserva_extra": 24,
        "total": "110.52",
        "emitida_en": "2025-11-05T22:30:45.255Z",
        "pagado": false
    }
},
{
    "model": "camping.factura",
    "pk": 25,
    "fields": {
        "reserva_extra": 25,
        "total": "273.04",
        "emitida_en": "2025-11-05T22:30:45.382Z",
        "pagado": false
    }
},
{
    "model": "camping.factura",
    "pk": 26,
    "fields": {
        "reserva_extra": 26,
        "total": "1830.46",
        "emitida_en": "2025-11-05T22:30:45.526Z",
        "pagado": true
    }
},
{
    "model": "camping.factura",
    "pk": 27,
    "fields": {
        "reserva_extra": 27,
        "total": "843.94",
        "emitida_en": "2025-11-05T22:30:45.670Z",
        "pagado": true
    }
},
{
    "model": "camping.factura",
    "pk": 28,
    "fields": {
        "reserva_extra": 28,
        "total": "1040.74",
        "emitida_en": "2025-11-05T22:30:45.798Z",
        "pagado": false
    }
},
{
    "model": "camping.factura",
    "pk": 29,
    "fields": {
        "reserva_extra": 29,
        "total": "996.63",
        "emitida_en": "2025-11-05T22:30:45.942Z",
        "pagado": false
    }
},
{
    "model": "camping.factura",
    "pk": 30,
    "fields": {
        "reserva_extra": 30,
        "total": "1537.37",
        "emitida_en": "2025-11-05T22:30:46.086Z",
        "pagado": true
    }
},
{
    "model": "camping.factura",
    "pk": 31,
    "fields": {
        "reserva_extra": 31,
        "total": "719.22",
        "emitida_en": "2025-11-05T22:30:46.230Z",
        "pagado": false
    }
},
{
    "model": "camping.factura",
    "pk": 32,
    "fields": {
        "reserva_extra": 32,
        "total": "591.64",
        "emitida_en": "2025-11-05T22:30:46.374Z",
        "pagado": true
    }
},
{
    "model": "camping.factura",
    "pk": 33,
    "fields": {
        "reserva_extra": 33,
        "total": "1740.07",
        "emitida_en": "2025-11-05T22:30:46.518Z",
        "pagado": false
    }
},
{
    "model": "camping.factura",
    "pk": 34,
    "fields": {
        "reserva_extra": 34,
        "total": "818.96",
        "emitida_en": "2025-11-05T22:30:46.662Z",
        "pagado": false
    }
},
{
    "model": "camping.factura",
    "pk": 35,
    "fields": {
        "reserva_extra": 35,
        "total": "1888.33",
        "emitida_en": "2025-11-05T22:30:46.806Z",
        "pagado": true
    }
},
{
    "model": "camping.factura",
    "pk": 36,
    "fields": {
        "reserva_extra": 36,
        "total": "1560.26",
        "emitida_en": "2025-11-05T22:30:46.950Z",
        "pagado": false
    }
},
{
    "model": "camping.factura",
    "pk": 37,
    "fields": {
        "reserva_extra": 37,
        "total": "505.70",
        "emitida_en": "2025-11-05T22:30:47.094Z",
        "pagado": false
    }
},
{
    "model": "camping.factura",
    "pk": 38,
    "fields": {
        "reserva_extra": 38,
        "total": "1595.46",
        "emitida_en": "2025-11-05T22:30:47.254Z",
        "pagado": false
    }
},
{
    "model": "camping.factura",
    "pk": 39,
    "fields": {
        "reserva_extra": 39,
        "total": "143.15",
        "emitida_en": "2025-11-05T22:31:02.582Z",
        "pagado": false
    }
},
{
    "model": "camping.factura",
    "pk": 40,
    "fields": {
        "reserva_extra": 40,
        "total": "309.29",
        "emitida_en": "2025-11-05T22:31:02.726Z",
        "pagado": false
    }
},
{
    "model": "camping.factura",
    "pk": 41,
    "fields": {
        "reserva_extra": 41,
        "total": "1040.88",
        "emitida_en": "2025-11-05T22:31:02.870Z",
        "pagado": false
    }
},
{
    "model": "camping.factura",
    "pk": 42,
    "fields": {
        "reserva_extra": 42,
        "total": "1319.39",
        "emitida_en": "2025-11-05T22:31:03.014Z",
        "pagado": false
    }
},
{
    "model": "camping.factura",
    "pk": 43,
    "fields": {
        "reserva_extra": 43,
        "total": "592.62",
        "emitida_en": "2025-11-05T22:31:03.158Z",
        "pagado": false
    }
},
{
    "model": "camping.factura",
    "pk": 44,
    "fields": {
        "reserva_extra": 44,
        "total": "334.78",
        "emitida_en": "2025-11-05T22:31:03.302Z",
        "pagado": true
    }
},
{
    "model": "camping.factura",
    "pk": 45,
    "fields": {
        "reserva_extra": 45,
        "total": "1923.84",
        "emitida_en": "2025-11-05T22:31:03.462Z",
        "pagado": true
    }
},
{
    "model": "camping.factura",
    "pk": 46,
    "fields": {
        "reserva_extra": 46,
        "total": "1718.75",
        "emitida_en": "2025-11-05T22:31:03.606Z",
        "pagado": false
    }
},
{
    "model": "camping.factura",
    "pk": 47,
    "fields": {
        "reserva_extra": 47,
        "total": "1528.68",
        "emitida_en": "2025-11-05T22:31:03.750Z",
        "pagado": true
    }
},
{
    "model": "camping.factura",
    "pk": 48,
    "fields": {
        "reserva_extra": 48,
        "total": "1517.23",
        "emitida_en": "2025-11-05T22:31:03.943Z",
        "pagado": true
    }
},
{
    "model": "camping.factura",
    "pk": 49,
    "fields": {
        "reserva_extra": 49,
        "total": "406.54",
        "emitida_en": "2025-11-05T22:31:04.086Z",
        "pagado": false
    }
},
{
    "model": "camping.factura",
    "pk": 50,
    "fields": {
        "reserva_extra": 50,
        "total": "1078.73",
        "emitida_en": "2025-11-05T22:31:04.230Z",
        "pagado": true
    }
},
{
    "model": "camping.factura",
    "pk": 51,
    "fields": {
        "reserva_extra": 51,
        "total": "100.19",
        "emitida_en": "2025-11-05T22:31:04.374Z",
        "pagado": false
    }
},
{
    "model": "camping.factura",
    "pk": 52,
    "fields": {
        "reserva_extra": 52,
        "total": "1848.22",
        "emitida_en": "2025-11-05T22:31:04.534Z",
        "pagado": false
    }
},
{
    "model": "camping.factura",
    "pk": 53,
    "fields": {
        "reserva_extra": 53,
        "total": "79.18",
        "emitida_en": "2025-11-05T22:31:04.678Z",
        "pagado": false
    }
},
{
    "model": "camping.factura",
    "pk": 54,
    "fields": {
        "reserva_extra": 54,
        "total": "631.57",
        "emitida_en": "2025-11-05T22:31:04.822Z",
        "pagado": false
    }
},
{
    "model": "camping.factura",
    "pk": 55,
    "fields": {
        "reserva_extra": 55,
        "total": "70.38",
        "emitida_en": "2025-11-05T22:31:04.966Z",
        "pagado": true
    }
},
{
    "model": "camping.factura",
    "pk": 56,
    "fields": {
        "reserva_extra": 56,
        "total": "1695.96",
        "emitida_en": "2025-11-05T22:31:05.110Z",
        "pagado": false
    }
},
{
    "model": "camping.factura",
    "pk": 57,
    "fields": {
        "reserva_extra": 57,
        "total": "193.19",
        "emitida_en": "2025-11-05T22:31:05.254Z",
        "pagado": false
    }
},
{
    "model": "camping.factura",
    "pk": 58,
    "fields": {
        "reserva_extra": 58,
        "total": "153.55",
        "emitida_en": "2025-11-05T22:31:05.399Z",
        "pagado": false
    }
},
{
    "model": "camping.factura",
    "pk": 59,
    "fields": {
        "reserva_extra": 59,
        "total": "1671.52",
        "emitida_en": "2025-11-05T22:31:05.542Z",
        "pagado": false
    }
},
{
    "model": "camping.factura",
    "pk": 60,
    "fields": {
        "reserva_extra": 60,
        "total": "372.70",
        "emitida_en": "2025-11-05T22:31:05.686Z",
        "pagado": false
    }
},
{
    "model": "camping.factura",
    "pk": 61,
    "fields": {
        "reserva_extra": 61,
        "total": "68.23",
        "emitida_en": "2025-11-05T22:31:05.830Z",
        "pagado": true
    }
},
{
    "model": "camping.factura",
    "pk": 62,
    "fields": {
        "reserva_extra": 62,
        "total": "1945.23",
        "emitida_en": "2025-11-05T22:31:05.974Z",
        "pagado": true
    }
},
{
    "model": "camping.factura",
    "pk": 63,
    "fields": {
        "reserva_extra": 63,
        "total": "1611.31",
        "emitida_en": "2025-11-05T22:31:06.118Z",
        "pagado": false
    }
},
{
    "model": "camping.factura",
    "pk": 64,
    "fields": {
        "reserva_extra": 64,
        "total": "789.12",
        "emitida_en": "2025-11-05T22:31:18.486Z",
        "pagado": false
    }
},
{
    "model": "camping.factura",
    "pk": 65,
    "fields": {
        "reserva_extra": 65,
        "total": "1834.51",
        "emitida_en": "2025-11-05T22:31:18.646Z",
        "pagado": true
    }
},
{
    "model": "camping.factura",
    "pk": 66,
    "fields": {
        "reserva_extra": 66,
        "total": "1162.02",
        "emitida_en": "2025-11-05T22:31:18.822Z",
        "pagado": false
    }
},
{
    "model": "camping.factura",
    "pk": 67,
    "fields": {
        "reserva_extra": 67,
        "total": "746.44",
        "emitida_en": "2025-11-05T22:31:18.966Z",
        "pagado": true
    }
},
{
    "model": "camping.factura",
    "pk": 68,
    "fields": {
        "reserva_extra": 68,
        "total": "1608.01",
        "emitida_en": "2025-11-05T22:31:19.110Z",
        "pagado": false
    }
},
{
    "model": "camping.factura",
    "pk": 69,
    "fields": {
        "reserva_extra": 69,
        "total": "639.56",
        "emitida_en": "2025-11-05T22:31:19.254Z",
        "pagado": true
    }
},
{
    "model": "camping.factura",
    "pk": 70,
    "fields": {
        "reserva_extra": 70,
        "total": "1090.74",
        "emitida_en": "2025-11-05T22:31:19.398Z",
        "pagado": true
    }
},
{
    "model": "camping.factura",
    "pk": 71,
    "fields": {
        "reserva_extra": 71,
        "total": "657.12",
        "emitida_en": "2025-11-05T22:31:19.542Z",
        "pagado": true
    }
},
{
    "model": "camping.factura",
    "pk": 72,
    "fields": {
        "reserva_extra": 72,
        "total": "1720.63",
        "emitida_en": "2025-11-05T22:31:19.702Z",
        "pagado": false
    }
},
{
    "model": "camping.factura",
    "pk": 73,
    "fields": {
        "reserva_extra": 73,
        "total": "1124.23",
        "emitida_en": "2025-11-05T22:31:19.846Z",
        "pagado": false
    }
},
{
    "model": "camping.factura",
    "pk": 74,
    "fields": {
        "reserva_extra": 74,
        "total": "740.27",
        "emitida_en": "2025-11-05T22:31:19.990Z",
        "pagado": true
    }
},
{
    "model": "camping.factura",
    "pk": 75,
    "fields": {
        "reserva_extra": 75,
        "total": "1525.82",
        "emitida_en": "2025-11-05T22:31:20.134Z",
        "pagado": true
    }
},
{
    "model": "camping.factura",
    "pk": 76,
    "fields": {
        "reserva_extra": 76,
        "total": "870.12",
        "emitida_en": "2025-11-05T22:31:20.278Z",
        "pagado": true
    }
},
{
    "model": "camping.factura",
    "pk": 77,
    "fields": {
        "reserva_extra": 77,
        "total": "1392.91",
        "emitida_en": "2025-11-05T22:31:20.422Z",
        "pagado": true
    }
},
{
    "model": "camping.factura",
    "pk": 78,
    "fields": {
        "reserva_extra": 78,
        "total": "1303.02",
        "emitida_en": "2025-11-05T22:31:20.566Z",
        "pagado": false
    }
},
{
    "model": "camping.factura",
    "pk": 79,
    "fields": {
        "reserva_extra": 79,
        "total": "1619.95",
        "emitida_en": "2025-11-05T22:31:20.710Z",
        "pagado": false
    }
},
{
    "model": "camping.factura",
    "pk": 80,
    "fields": {
        "reserva_extra": 80,
        "total": "592.41",
        "emitida_en": "2025-11-05T22:31:20.854Z",
        "pagado": false
    }
},
{
    "model": "camping.factura",
    "pk": 81,
    "fields": {
        "reserva_extra": 81,
        "total": "1242.48",
        "emitida_en": "2025-11-05T22:31:20.998Z",
        "pagado": true
    }
},
{
    "model": "camping.factura",
    "pk": 82,
    "fields": {
        "reserva_extra": 82,
        "total": "1624.84",
        "emitida_en": "2025-11-05T22:31:21.158Z",
        "pagado": true
    }
},
{
    "model": "camping.factura",
    "pk": 83,
    "fields": {
        "reserva_extra": 83,
        "total": "1743.66",
        "emitida_en": "2025-11-05T22:31:21.302Z",
        "pagado": false
    }
},
{
    "model": "camping.factura",
    "pk": 84,
    "fields": {
        "reserva_extra": 84,
        "total": "123.38",
        "emitida_en": "2025-11-05T22:31:21.446Z",
        "pagado": true
    }
},
{
    "model": "camping.factura",
    "pk": 85,
    "fields": {
        "reserva_extra": 85,
        "total": "721.81",
        "emitida_en": "2025-11-05T22:31:21.590Z",
        "pagado": true
    }
}
]
